,0,1,2
0,0.67517674,3.910432816,-3.068075895
1,-2.131074905,0.988690257,-5.263515949
2,4.873323917,1.562166452,5.818929672
3,0.310578495,0.316546142,1.303256273
4,5.039907932,0.345986277,7.402626514
5,1.542978287,-5.453745365,5.920192719
6,-0.042489558,-5.029544353,4.958681583
7,4.066477776,-2.585959435,-1.907726288
8,3.176745176,-4.048906803,4.825106144
9,4.334441662,-1.7717309,7.21730423
10,-3.962546825,-5.597109318,1.796910644
11,3.1555233,-2.02662158,5.000835896
12,-7.357587337,-2.27772069,-1.155823231
13,-4.311530113,-5.880769253,1.416077852
14,0.058220886,-1.317299247,2.867530823
15,5.354158878,-3.30789566,-0.049908951
16,3.933321238,-6.757469654,1.820132613
17,-8.526274681,0.88804996,-3.464853525
18,1.323373675,-1.892872214,2.482619047
19,3.319351435,-4.061767101,-2.385998011
20,-3.204447985,6.127690792,-0.546984196
21,4.521823406,-3.686730146,4.798400879
22,-2.285731316,-8.319937706,-1.289871216
23,-0.368845791,4.095023155,-5.042146206
24,2.608804226,-0.001196967,-2.190936089
25,2.455543518,-7.160870552,2.594562531
26,-3.508375883,-7.786701679,2.959818602
27,-0.440349281,4.104361534,2.859020472
28,-1.041736603,-7.151752472,2.289901495
29,-8.376457214,-1.15096128,-4.69037199
30,-4.691668987,-5.018455029,1.876720905
31,6.3520751,0.959991217,0.901301742
32,1.059078455,-7.108363152,1.279220223
33,5.405883312,-2.05991292,2.289812088
34,-4.255767822,2.385656357,-4.291346073
35,5.603176594,-2.096906185,-1.139381051
36,0.544971049,-1.128972292,2.895115376
37,-2.726932764,4.132647514,0.061013345
38,-2.778339863,-4.725029945,-1.341441631
39,2.175733328,-7.117432594,-1.169134617
40,8.975273132,-1.42085743,3.579360247
41,0.358231157,-10.34140205,-0.38488993
42,4.268743992,-1.413902164,1.714153886
43,-3.787127733,4.152813435,0.720180929
44,4.591684818,1.968424797,5.009449482
45,1.305443645,8.383940697,-2.231904745
46,2.229343176,8.163315773,-3.636193275
47,-0.961190343,-9.580271721,-1.664132833
48,5.479128838,4.350413799,1.037989974
49,0.38909629,-6.035544872,-2.400695324
50,1.697490454,3.330295563,-0.971116364
51,-2.380797148,-0.526876926,-4.717651844
52,2.016617537,6.502100945,0.479664743
53,-1.046334624,-1.371874809,-4.251480103
54,0.181354851,7.603663921,-1.461215973
55,-8.110146523,-0.738772035,-5.838327885
56,6.328485489,-0.312144309,7.967506409
57,-0.090559289,7.302357674,-0.286191136
58,0.048681859,-2.449780941,3.511301041
59,1.124353528,-7.533462048,3.587230921
60,0.924531519,-3.842495203,4.421253681
61,2.285404205,2.342534781,3.509981155
62,3.059206724,-1.981529355,4.414780617
63,0.936205089,-10.61830902,-0.500249147
64,-5.303566456,3.640515327,-3.742147446
65,6.721828938,-0.492772341,6.458016872
66,4.174209595,-4.405300617,5.603382587
67,4.819296837,-4.460288525,4.751041889
68,-1.000703454,6.502501488,2.392609835
69,-1.053328514,8.813660622,0.483612597
70,3.985487938,-5.255850792,3.631271362
71,-5.414949417,3.789741278,-0.815559208
72,3.438067913,-2.648487806,4.968254566
73,-3.876649618,1.026484966,0.956474483
74,5.073824406,-0.656598747,7.916281223
75,-0.318813175,7.972959995,1.494856954
76,7.144207478,-1.903941393,2.230586529
77,7.125463486,2.62203145,0.696045339
78,-1.696562052,-7.888635635,-3.741711378
79,-1.521585703,-7.174442768,3.514885426
80,-0.822375,-6.410485744,4.393348217
81,0.201822683,-5.124864101,5.251367092
82,-0.218943477,-5.004102707,1.71444869
83,0.711782217,6.231225491,-4.768213272
84,-5.070375443,0.624255359,-7.194209576
85,3.267881155,-2.14888382,0.118218362
86,3.578627586,-3.520349264,1.951031566
87,-5.153553963,-0.816434979,-5.268032074
88,-1.624188423,4.571331501,0.186219633
89,-0.702358484,1.847198725,3.402091026
90,1.013422251,7.134664059,2.456665993
91,-6.05001688,-1.209264636,-3.707148314
92,1.019497871,-9.318598747,-1.616307855
93,2.809857368,-3.447298288,-2.196402788
94,2.924112558,-4.837685108,5.620420456
95,5.130174637,2.649195433,-0.117791101
96,0.220889494,-7.757227421,4.412937641
97,1.750303149,5.281545162,0.402125806
98,-3.200102329,-7.313651085,-3.043437719
99,4.680742264,5.539118767,0.628312171
100,-5.071258545,4.237478256,-3.280414581
101,7.433621407,-0.935226262,5.660597324
102,4.963350296,4.255296707,-1.519290209
103,0.577004611,1.153645515,1.122694731
104,-6.355396748,1.833639622,-4.201380253
105,1.005676389,-2.625639677,5.041522503
106,0.135880068,-7.106302261,5.0114398
107,1.16622746,7.052355289,3.002043247
108,5.449679375,2.728512049,2.613837957
109,-5.288910866,-0.834077001,-6.607587337
110,0.02916947,6.404751778,-4.469475746
111,3.758568525,-1.808358788,-2.40691328
112,-3.747428417,-7.366802692,2.818557501
113,5.404892921,-2.019153833,0.470203519
114,-0.99757421,-5.57750988,-1.621744633
115,-1.746882796,0.169607982,3.147332668
116,5.655557632,-0.113695301,8.143216133
117,4.949900627,5.07969141,1.103526592
118,0.707897127,1.261003017,2.5006845
119,-0.007560039,-5.844391823,-0.668427765
120,5.514022827,-3.135704756,3.680192471
121,7.845910549,-2.403800488,2.520281076
122,-3.312750816,-2.088988304,0.737512708
123,7.501022339,1.207192779,0.73047477
124,0.595373511,-1.098888397,-3.671652317
125,3.800992966,0.933624208,6.286561489
126,-0.278607249,-4.692609787,4.717645168
127,1.749874949,6.357279778,2.214387178
128,-1.182494998,-8.176544189,1.178683639
129,1.244562507,1.389040112,5.043055534
130,-4.844058514,-2.660706282,-4.432344913
131,-7.953623295,-1.653275371,-4.42790556
132,2.469108343,5.248826027,4.558761597
133,-2.531488419,1.689824224,0.680429101
134,3.157466888,-1.017102599,-0.930342495
135,1.717360377,0.639784396,-2.044481277
136,-1.848368168,-7.181101322,-2.334200144
137,2.139764309,2.621273756,0.098468237
138,-0.723258972,0.846560299,-5.849980831
139,1.155115604,4.502297878,-3.457421064
140,4.132844925,-6.800302505,3.294894695
141,2.464319944,-3.133725405,0.786000371
142,0.276232004,6.803032398,-4.336333752
143,-0.377920777,8.949164391,0.526097357
144,-8.648667336,-0.112871028,-3.065567732
145,-1.03751421,9.336243629,1.047635555
146,5.58853054,-5.183086872,1.842653513
147,2.211354256,0.680741787,-2.772441387
148,-0.480356991,-5.679229259,-0.930633545
149,3.80087471,-6.518743992,-0.903584123
150,1.688098669,2.464183807,0.417619199
151,1.500994205,7.118757248,1.821874857
152,0.893445373,-7.667052746,3.820649147
153,-6.314939499,3.766975164,-2.282666206
154,5.736962318,0.917217433,2.939175844
155,-3.246273518,-4.621492863,-6.017420292
156,-3.917429924,4.545790195,-3.407740593
157,-5.614011288,3.779051065,-0.975911558
158,2.440950632,-3.476242542,4.579424381
159,0.141284123,6.368668556,-5.287913799
160,-1.499820113,5.195837975,-3.487736225
161,-0.130971625,0.076290123,0.542572618
162,-1.451443791,4.520252705,-5.312735558
163,-6.567858219,-2.548208475,-6.733753681
164,-5.198773861,3.476577759,-4.259101868
165,3.048861504,6.480130196,-3.588084698
166,7.391666412,1.486521959,0.450548351
167,4.97808075,5.092284679,0.940917432
168,3.553513765,5.049963951,4.208403587
169,5.246039391,1.478103757,6.630455494
170,-0.150954694,-10.1691103,1.231497288
171,-4.554024696,-5.724993229,-5.367415428
172,-4.897544384,5.47422266,-0.810421348
173,-0.78370589,8.869988441,0.870769918
174,7.028842449,2.627139568,2.559088945
175,1.065220952,3.121198177,-1.778705478
176,1.251141667,4.385422707,-3.383761883
177,6.969328403,-2.906781435,3.134351254
178,5.656485558,-0.273488611,8.152200699
179,-5.622832775,3.438293219,-3.848749161
180,2.51274538,2.669516802,-3.642658472
181,-4.786676884,-4.465836525,-6.35779953
182,-5.803760529,1.408932686,-1.201853752
183,-4.107366085,-5.573788643,-0.817955613
184,-3.7275002,-4.663804054,1.513819933
185,3.25804472,1.788091898,-1.051135063
186,5.480277061,-6.250667572,0.522064626
187,1.506317735,-6.908904552,-1.424608231
188,-5.595366478,-3.528326035,-3.885131598
189,5.173891544,2.790582418,1.063687205
190,1.321852922,-5.834547043,1.086395621
191,-0.348307133,-8.74698925,3.409697771
192,-5.359834194,0.640797317,-7.210205078
193,-1.362334013,-7.960625172,1.27052784
194,4.507627487,1.584805965,-0.903508842
195,-4.660759926,-1.995018959,0.604137361
196,3.871284008,-0.197638378,3.878105402
197,-2.285575628,-2.519779682,2.646403551
198,0.936398149,-10.71766949,-0.467663884
199,7.884529591,1.28838253,3.122859716
200,1.801425815,-4.850608826,2.24738884
201,2.868566036,-6.492111683,-1.154191375
202,2.174603701,-7.680848598,2.754873753
203,-1.098542809,-4.834477901,-4.567619801
204,8.421994209,0.722728312,2.334659815
205,3.063067913,3.191175699,1.129352808
206,-4.329425335,-5.463263035,1.310099244
207,-6.835437775,2.178866148,-3.455504179
208,-5.399569988,3.377961636,-0.691511989
209,0.060229912,-2.210839272,3.116432905
210,3.355824947,3.253783226,-3.118104696
211,0.302017599,3.887229204,2.539271116
212,0.668405771,-10.6099596,-0.757848978
213,-3.175033092,7.040485382,-0.401234955
214,-2.643924713,-1.423725963,-1.753028393
215,2.306491137,2.947606325,-4.002997875
216,3.784336329,-2.431308985,-1.13366437
217,-5.522903919,-0.980457425,-0.80696249
218,3.274535894,-5.589063644,-0.277185619
219,0.695897996,-6.872918606,-1.621681929
220,3.109029293,6.180287361,-1.128498793
221,5.251121044,-1.100782514,-1.169602513
222,-0.412748992,-9.233229637,3.314403057
223,-5.806803703,-2.861824989,-5.731368542
224,1.78080225,6.855067253,0.59389776
225,-4.968925953,0.624276936,-0.525879025
226,2.020049095,3.288923025,5.211855888
227,0.319024891,2.02354908,-2.554260969
228,4.892034054,-6.830573082,1.962064624
229,-7.223070621,-2.603759289,-1.965297341
230,-5.359310627,3.38038063,-2.354272842
231,0.690809309,0.040446837,4.852444172
232,1.365290523,-7.33178997,-2.044345856
233,-5.052457809,0.523487985,0.006869168
234,-1.923160911,-8.269919395,0.303420305
235,-5.471125126,3.337537289,-4.196614265
236,2.265328169,5.371204376,4.452270985
237,1.394686937,3.751504898,-1.467411518
238,-3.956853628,-1.390243411,0.552471161
239,5.486781597,-6.407186031,0.643554628
240,8.040079117,-2.544222355,2.435432434
241,2.755351067,-7.445504189,2.751219749
242,3.736362457,-0.337435842,1.763717413
243,8.114356041,-2.483202696,3.219482183
244,2.284056664,6.580015659,0.358789802
245,-1.06945467,7.239881039,-0.692527056
246,-2.18445611,-8.432768822,-1.091707587
247,2.235558748,8.229064941,-3.250976563
248,-7.488002777,0.935082436,-4.794758797
249,0.958034635,-2.698308945,5.109630585
250,6.231911182,0.93175447,-0.352259725
251,2.121140957,5.922839165,-2.93179965
252,-8.057875633,-1.718972564,-2.104280233
253,-3.162593603,-5.745323658,-4.648760796
254,5.331906796,-3.837571621,3.787607193
255,2.834617138,0.782409012,2.872473717
256,-1.103883386,-0.389371544,-1.852057695
257,-0.622821033,3.289240599,3.517575979
258,0.370843679,4.165586948,-3.29697299
259,-1.215613842,-4.756651402,-1.492574096
260,7.93008852,-2.702734709,2.51700449
261,-4.270602703,-0.660684884,-1.549669743
262,3.077191114,1.576016068,5.149752617
263,-3.745754719,-7.161362171,2.800893307
264,2.071291924,3.006117582,4.500641346
265,-2.930363417,-6.195748806,-4.128330708
266,0.172126681,-3.036929369,-3.534948826
267,5.284628391,1.708449006,6.760391235
268,-4.73574543,0.763721466,0.622312486
269,3.497764826,-4.863127232,3.987437963
270,1.081400394,4.248594761,-1.041073322
271,1.035050035,-5.448574066,1.142083287
272,6.097133636,0.143845603,2.235757828
273,-5.314095497,0.655095994,-7.108009338
274,-4.940721989,-2.611096144,0.753236949
275,-1.516120195,6.20182085,2.215593576
276,-0.596303642,-1.891296983,3.444922686
277,5.791689396,-4.930706978,1.683158398
278,-7.918503761,-1.146542788,-4.872097015
279,3.208816767,-6.40711689,-1.121356606
280,-2.889448404,-9.213951111,3.265503645
281,4.981385708,5.091645241,0.99778682
282,5.415217876,-0.509495735,-1.261694193
283,5.341393471,3.889284849,-0.827421546
284,-1.084887862,3.92514801,0.838371336
285,5.225422859,3.535395622,0.335924
286,-3.011785746,6.701220989,-1.330501795
287,1.523245931,2.590731144,0.227777451
288,-0.793823957,7.406385422,-0.673571646
289,-8.491463661,1.117451549,-3.352767229
290,-0.097720049,-0.495689392,-5.08196497
291,-0.9433676,-1.214733005,-3.94149065
292,0.71214956,-2.488396168,5.12293005
293,-1.464261889,-0.023281861,3.52630043
294,5.666823864,2.673325062,5.347423553
295,-0.05885122,-6.260551453,-1.095309973
296,1.006936431,-0.041411996,-2.382943869
297,1.009850502,0.472655624,0.958633423
298,-0.916254699,-10.06658268,-0.273912191
299,-0.296838701,-5.779211521,-0.844560623
300,2.642825127,-2.385523796,0.345599949
301,-5.52167654,-4.87817049,-2.707942486
302,-5.495441914,-2.231287956,-2.368010998
303,-0.291744173,-4.858477116,4.500102043
304,4.070393562,2.426574707,6.047157764
305,-7.26548481,1.403243661,-2.279696465
306,3.678483248,7.323897839,-2.21730566
307,-1.058683395,1.122334361,-3.436506271
308,1.952782989,-7.691783905,3.450572968
309,-0.880500078,9.060622215,0.637379229
310,-0.851956666,-5.761705875,-1.18008101
311,-3.463644981,-6.47441721,3.301696301
312,-8.104532242,-0.813649178,-3.390079975
313,-7.973901749,-1.883952498,-2.931417227
314,7.06731081,3.069058895,0.833867848
315,2.870826244,5.005960464,4.762495518
316,-1.109383225,4.552263737,-5.520653725
317,-1.767692089,5.126655579,-4.889328003
318,-1.741858959,7.599787712,0.51364392
319,2.708524942,-2.641737223,1.791539311
320,3.190075397,4.898197651,4.507474899
321,2.554525137,-1.571095347,-2.089685202
322,-2.21628046,-9.558027267,3.102708578
323,4.706771851,-2.181818724,7.482942581
324,-4.731271267,2.174418926,-1.430319428
325,2.393955708,2.909001827,2.641647577
326,-3.726629496,-4.356080055,-6.240569115
327,-2.919685841,4.295268059,1.628278971
328,3.688078642,1.613162756,5.450723648
329,-4.181988716,-6.67247057,2.016945362
330,1.172136188,1.257251143,5.009298801
331,-1.821786642,0.437688798,3.32433176
332,-3.300749302,-7.2124753,-3.0726192
333,7.408799171,0.597997487,3.668175697
334,5.386852741,-1.957557201,6.73920393
335,-5.861114502,-0.727496207,0.011902397
336,5.32169199,-0.821260631,-1.246950269
337,-0.96652621,3.859885454,2.454986095
338,-3.110923767,-0.342052996,-5.036027431
339,-0.836294353,7.576917648,-0.242912799
340,8.428495407,-1.542719483,2.577787399
341,-3.377748489,-6.532811642,-4.125811577
342,5.747467518,1.249417663,6.462209225
343,-7.829960346,2.371153355,-3.752187729
344,1.530223489,2.993042946,4.235309124
345,1.48055625,2.960965395,4.699926376
346,3.250387669,-7.386349201,1.549805522
347,1.409837246,-0.181984946,5.629055023
348,-2.502344608,-3.014132977,-2.42044878
349,-2.16713047,3.95597434,-0.756100595
350,9.057906151,-0.77570951,3.353431225
351,-2.360937357,-3.601458073,1.387530208
352,-1.100783706,-9.37905407,2.140678644
353,0.765555322,1.70829916,-2.082932472
354,-0.737740755,6.420796394,-2.670620441
355,-4.160088062,-1.756073594,0.765590966
356,8.967103958,-1.572486401,3.642830372
357,-1.814034224,-6.491819859,3.880053997
358,-5.200806618,3.325758457,-0.204316676
359,-3.636124849,-6.025661469,-4.59624052
360,2.147152424,-7.127244473,3.895262003
361,-1.83266592,-4.987109661,-3.884177923
362,0.522092283,-5.282822132,1.214310288
363,-1.819511294,2.221735239,-4.206030846
364,-5.662329674,2.560369492,-1.609383702
365,5.197240829,3.645401955,1.060491085
366,-1.343667269,-1.021121502,-4.877425671
367,4.894433975,-1.147360444,0.915480494
368,-1.704187632,6.83287859,-2.280460596
369,4.923280239,3.4140625,1.443911672
370,7.42002964,-1.229340076,5.737545967
371,3.325554132,3.144972563,-3.070553303
372,-3.091086149,3.770168781,-0.500062227
373,5.380187988,-0.104437858,8.04988575
374,-1.806678057,-7.914635658,1.649024248
375,-0.123978823,2.600013494,-0.029764853
376,-2.994529486,-1.571656823,-0.341295213
377,-0.51579833,4.220353603,3.119175196
378,2.984826088,6.484434605,0.418851435
379,-5.037666321,-0.710700691,-7.37285614
380,-0.256968975,7.396086693,0.279215485
381,0.387390584,0.470547765,2.190259933
382,-5.765592575,-4.513143063,-3.926122189
383,-0.809131861,2.91363287,-4.909344673
384,5.310167789,-0.639912605,-1.339078188
385,-3.622621298,4.976319313,-3.556992769
386,8.202219963,-2.158962727,2.342213154
387,6.748737335,3.647853851,0.650039375
388,1.210339665,-1.600205898,-3.373431921
389,3.802656651,-4.272379875,1.86083281
390,-2.495626211,-0.043189019,-6.104671001
391,5.099428177,0.912601173,4.205536842
392,0.625987172,-2.620093346,3.587641001
393,1.784641266,-4.160782814,3.613705635
394,4.881209373,-6.615190983,2.414471388
395,-3.930747271,-0.918402314,-6.697506428
396,5.527739048,0.957644939,3.071684122
397,5.70411253,-0.264453202,-0.986693144
398,2.889969587,-1.529540539,5.299627304
399,2.896729231,-5.017240524,5.16328907
400,-1.181082606,-7.485775948,1.866340876
401,1.461944222,8.454366684,-2.037157297
402,-5.249536991,-1.956937194,-2.654112339
403,-1.837613106,1.948018432,0.564804316
404,5.832912445,-4.112100601,2.220706701
405,1.759369612,-7.952478886,3.224762917
406,-8.628117561,-0.344391137,-2.924785852
407,2.461237192,-5.1604743,4.151255608
408,-1.088597417,-9.681348801,-1.357778192
409,2.209079742,-7.556491852,3.230237961
410,1.487439632,-1.398234844,-3.568908691
411,1.877526522,1.969420433,4.267490864
412,-0.401033193,-1.786259294,3.580601215
413,2.617980957,2.827504396,-3.69144702
414,0.065281458,-1.285286069,-2.677148104
415,0.014206925,-2.705739498,-3.518681288
416,1.577665567,2.504917622,1.322212815
417,2.543926239,-3.102561712,-1.480817318
418,-1.645000935,-8.887615204,2.567857981
419,3.25390029,4.151251316,5.470621586
420,-5.6008358,-1.634988308,-7.156723022
421,3.815495968,-4.66955471,4.010308266
422,-2.232710361,2.35407424,-3.801535606
423,4.681471348,4.406768799,-2.109388113
424,-0.244270638,-0.723620534,-2.293110609
425,1.248659492,3.837597132,-3.424068451
426,-0.377144158,0.02191505,0.453146756
427,-0.476247549,0.530408084,-5.766465664
428,3.482895136,-5.679194927,-0.225972995
429,7.378873348,-0.260491103,6.236087322
430,-6.367833614,-1.327839971,-0.421879888
431,0.817544341,0.397721291,0.974895239
432,5.507099628,0.464839399,7.337438107
433,4.074690819,2.708425999,6.296070576
434,-4.690402508,5.48295927,-1.285797
435,3.431308031,-0.022485793,3.316220522
436,2.503955841,8.556162834,-1.143837929
437,8.955290794,-0.553412139,3.117185831
438,-1.356208324,-9.25462532,-1.465295076
439,-5.131656647,-4.477018356,-6.408387661
440,-2.729320049,2.013439417,-0.55253613
441,0.573424935,-4.675261974,0.585547924
442,-2.137355804,5.953393459,1.640258551
443,3.225500822,5.26543045,-2.984020472
444,3.780874968,1.019127846,6.573513031
445,-2.252887487,-0.675778031,-5.419075012
446,2.346932173,-2.85503149,2.448846102
447,3.357797146,0.471508592,-1.724011302
448,6.959570885,-0.329316109,6.237104416
449,-5.339715958,-2.84105134,-5.829487801
450,0.594798088,-4.169070721,-2.95178318
451,5.772516251,-3.200501919,3.774155617
452,1.634884,-4.9980793,2.614222527
453,-4.969463825,-0.696093738,-2.504142046
454,-1.427564383,9.112687111,0.450588405
455,2.871231794,0.973709524,3.837963104
456,1.2956146,-0.052562527,5.404833317
457,-7.979618549,-0.006933856,-5.018954277
458,1.860560536,-8.789195061,0.797825754
459,-0.844054341,1.446242213,3.802083731
460,-4.714089394,1.242182255,0.55294013
461,-3.66190815,3.945998192,0.861630976
462,-6.570904255,2.313404083,-0.98636055
463,2.292897224,-3.311302662,0.680980086
464,-0.470982373,-1.876770735,3.535469294
465,5.153941154,2.80962038,-0.583256245
466,2.930334806,-4.538649082,6.053189754
467,-1.013315439,6.628515244,-2.643703461
468,1.35801816,-2.309439659,-3.252475739
469,0.044228401,2.696612597,4.144423485
470,-0.567196667,8.072737694,0.394547164
471,-1.324021816,-4.989243507,-3.498778105
472,4.916675091,-1.391218305,1.183228254
473,1.81015861,5.8666749,0.555335581
474,-1.701537132,6.555024624,1.921413064
475,2.781967163,-2.341117382,0.46792227
476,-2.762355804,4.372838974,0.959723651
477,-3.239087343,-8.297660828,2.859625101
478,1.361036539,-8.899214745,0.75199753
479,-4.682340145,3.804929972,-2.480904341
480,1.229604721,-3.226241112,5.453368664
481,-1.520485878,-6.728482723,-1.884198546
482,1.675085306,-8.634467125,1.082588673
483,5.636935711,1.390254259,1.995998621
484,-4.359306812,3.015749693,-2.028855324
485,-0.456475973,-4.645369053,-3.222795725
486,1.290211201,-2.019263506,-2.908339739
487,2.488804102,-0.809817851,0.842825651
488,7.091617584,2.475884438,2.682859898
489,-8.729305267,-0.771714866,-3.500539303
490,6.704937458,0.249993801,3.158419609
491,1.184107661,7.593569279,-3.765155792
492,-1.809649587,-5.559267998,-4.393630028
493,0.942949891,4.2211833,-3.342796803
494,3.514104366,6.391402245,0.387015402
495,5.247878551,-1.541998982,7.386119366
496,-7.837469101,0.277548045,-5.096470833
497,-4.848245621,0.290421486,-1.720285296
498,4.383087635,-1.08260572,2.470301151
499,-0.504220307,9.27415657,0.147384927
500,4.658187866,2.542326212,6.521933556
501,5.638261795,0.112921417,-1.184551239
502,-4.390166283,3.671091318,-3.552925825
503,5.546392918,3.060812235,4.894412518
504,1.014533043,0.316922992,0.060394861
505,-5.309734821,-3.454951286,-3.230149984
506,3.062469482,-1.586969256,5.117074966
507,5.237829685,-1.695644975,7.621641636
508,-0.738789499,5.746931076,-3.867759228
509,-6.50832653,-3.577552319,-0.475304902
510,3.307696342,2.653676033,5.016201973
511,7.151470184,-3.682597637,1.708074808
512,-3.248749733,3.817740202,-0.4127011
513,0.828013837,-7.577023029,2.405792952
514,-6.88824749,1.478766799,-4.43579483
515,-0.383973926,-0.982928336,-1.888934374
516,5.540441036,3.053484678,4.947186947
517,1.191008329,-9.874371529,0.130199403
518,1.449025989,-8.991952896,0.667218506
519,-1.516044617,4.695636272,-2.20232892
520,-1.971564889,5.358439445,-4.465052605
521,-3.583765268,5.773143291,-2.765978575
522,-0.882315874,-8.449514389,2.284921169
523,-7.892069817,-1.266662836,-5.661170006
524,1.608916044,2.297469616,0.042905226
525,-4.014472008,-4.955608368,-4.017831326
526,-3.375799894,-7.207453251,-3.105870008
527,-0.373476237,0.350773364,-5.787102222
528,-5.182189941,-0.922597945,-5.496776581
529,3.189756393,4.089381695,5.063441753
530,1.186957002,-2.937514067,3.341484308
531,0.715219855,-9.902750969,-0.808842361
532,-5.866272449,-3.58987093,-5.086475849
533,-0.6443941,5.66887188,2.953984499
534,-3.746637583,1.682027102,-4.05395174
535,-1.680055499,-7.941367149,-3.635829926
536,4.773869991,-2.428325176,7.197737217
537,2.07217598,7.972006321,-3.819722176
538,0.197770402,-3.60725069,3.244209528
539,-1.991043091,-8.227676392,-1.949297786
540,-0.519092023,-0.191267624,1.120191097
541,4.865404606,-0.270798624,7.82868576
542,4.21607399,-0.330243766,3.477807045
543,0.342850983,-2.385881901,2.630085945
544,-0.212472945,5.534498692,-0.730737031
545,0.569645643,-5.617903233,1.261392117
546,-0.257839382,0.057324227,1.608116746
547,-7.968844891,-1.759179115,-4.388327122
548,0.337261677,-10.25307846,-1.132283568
549,6.527952671,0.40057826,2.520204067
550,3.014927149,-4.09098959,-2.277334452
551,-0.027981529,-5.355529308,-0.084238283
552,-3.629500866,-5.922776222,2.755566835
553,4.910356522,-7.038290024,0.785312176
554,1.911043048,-0.674749613,1.236028433
555,-3.479220629,-4.589440823,-6.073794842
556,0.438398719,6.652388096,-5.341834545
557,-2.442324877,2.04617238,-5.485123158
558,-7.452039719,1.394710302,-2.479889154
559,-4.521585464,-1.097932339,-0.056571867
560,-2.159291029,-1.535019636,-2.548281908
561,0.335283905,0.927235365,1.237826824
562,1.875751853,8.023902893,-3.736502647
563,1.342786074,-3.445529461,0.427832633
564,-4.59730196,-4.571566582,-3.485306501
565,1.459182382,3.771536827,-1.114435196
566,-5.339985371,3.272761345,-4.280586243
567,1.180888176,-7.019412994,2.669771194
568,-4.254952908,-5.80132103,0.442003489
569,2.085904121,-3.686828136,-2.225036383
570,1.564252496,-6.526474476,-0.243420854
571,1.054738402,-10.60183144,-0.459703267
572,0.186365664,-7.833881855,4.1398592
573,2.192203045,8.688549042,-1.345722675
574,2.421208858,-3.435588837,-1.024296165
575,0.62064904,-8.917734146,-1.855118036
576,-1.826125383,-7.553956985,-2.344570875
577,-6.753805161,2.035912752,-0.924223423
578,0.615101159,7.717863083,2.497315645
579,2.385163069,4.471989632,4.214762688
580,-1.008213043,-1.435165048,-4.482997894
581,4.89746666,-2.319060564,5.515661716
582,-1.325322986,-5.379689693,-4.259973049
583,-2.372572422,-3.9290061,-1.626693249
584,4.521952629,-4.114736557,2.324242592
585,1.117593527,2.423143387,4.568752289
586,3.826363564,-7.952663898,-0.15299654
587,2.134244204,0.484992027,2.834444761
588,-0.2495175,2.385492086,3.931009293
589,0.591807187,6.729920864,-4.596904278
590,1.131777644,6.718677998,-4.078145027
591,0.676713049,-1.475560308,-1.372233629
592,7.118552685,1.521840811,0.952029824
593,0.250428319,-1.883381724,-0.022817289
594,2.180114508,2.792066813,3.126335859
595,-7.451845169,-2.366200209,-1.322097063
596,-8.691291809,-0.537114382,-3.429009438
597,8.553416252,0.952039301,2.24707365
598,-2.006135941,2.480387449,-5.849689007
599,5.561602592,1.06106174,-0.587031007
600,0.783023059,4.60520649,-1.426607966
601,2.858795166,-4.279101372,-2.371463299
602,4.465675354,-0.615386248,4.262097359
603,5.603384972,3.237627745,4.404097557
604,-4.175935745,-5.046735764,-5.964446068
605,-1.493395925,-5.130115032,-3.142586231
606,4.160633087,-5.292641163,2.794041634
607,-2.880435705,6.94118309,-0.057616763
608,-5.212655067,-0.113128267,-1.604384422
609,-1.662477016,-4.495654583,-4.179268837
610,-0.485275477,5.624089241,2.96379137
611,2.266615152,8.916462898,-2.100726843
612,5.375775814,2.292852402,2.064480066
613,2.385525465,6.907558441,-0.136603817
614,-5.865056992,1.014349222,-0.943025649
615,-3.040977001,6.755041599,-1.083965898
616,6.879756927,1.125367403,1.012867808
617,-1.61460197,-0.798656762,-5.254620075
618,0.836430907,-5.259728432,5.675994396
619,0.521546066,-2.340880871,0.120011054
620,-6.158761501,-4.329666138,-2.09787488
621,-1.4628824,6.97922802,-2.07032299
622,-0.335670531,-10.16610909,1.326408505
623,-7.290066719,-2.325909853,-0.99240756
624,-4.585386753,0.067332931,-0.859546363
625,1.354432344,-2.811499834,2.542521477
626,1.190020323,-3.823370695,0.229216576
627,-6.70860672,-3.274517536,-1.959931612
628,4.572501183,4.028993607,1.4577806
629,-6.528737545,2.944769382,-3.222149849
630,4.478075027,1.997955441,-1.056278467
631,0.759591877,-0.387188703,-0.530823708
632,-5.488981247,-1.475400209,-4.386922836
633,4.454808235,-1.45859158,5.993922234
634,4.878809929,2.944363594,-0.971897066
635,-0.112679809,5.047905922,-5.277662754
636,-0.718565106,7.50881052,-1.525633931
637,2.912793159,-5.856503963,2.948850393
638,2.262570143,8.954752922,-1.732743382
639,4.093821526,-1.946172118,7.310837269
640,-5.952396393,-0.898281217,-7.49134016
641,3.649965763,7.614299297,-2.367122412
642,-1.309848547,-7.464333534,3.501326561
643,-5.443507671,-1.337844968,-4.928553581
644,-5.17113924,-0.955369592,-2.850294352
645,-0.021816026,-7.919649124,2.158066988
646,-0.68347764,3.117498159,-4.565941811
647,-2.718240261,-0.281571776,-4.880982876
648,-0.25011003,-10.07040024,-1.140638351
649,-4.851785183,1.857380748,-1.256396055
650,-3.048453331,0.975575745,0.685111284
651,-3.418765783,-7.067630768,2.990581036
652,0.850168824,7.789962769,1.926636577
653,-3.239650488,7.126481056,0.003423559
654,-1.893012285,-3.588962317,-1.817684889
655,-6.394756317,-0.855452657,-7.32136488
656,-2.137396812,-1.185009241,-0.594414294
657,4.053812981,-2.967736006,4.811400414
658,-5.09344101,3.729878187,-4.19237566
659,4.873160839,2.810027361,5.081142426
660,-0.940788448,-5.001451492,-4.479280472
661,0.784562111,-0.346378028,4.691451073
662,-5.192327976,-5.575117588,-2.240880251
663,3.756240129,-1.343969703,4.412464142
664,1.090018153,-9.643835068,-0.173009381
665,-0.201323166,5.801928997,3.052131653
666,-1.301676393,9.151470184,0.496172935
667,0.708419979,6.847332954,-5.208260059
668,-0.371367991,5.381925583,3.132534266
669,-2.617764473,0.59081912,-7.496541023
670,8.218241692,0.508804917,1.920079708
671,2.514403105,6.713360786,-0.616041064
672,4.614431381,-2.345797062,7.394569397
673,-0.434287131,-0.648540974,2.324869633
674,-7.405344486,-2.178316593,-1.102141619
675,-0.146427631,6.350994587,-4.440711021
676,3.080541611,5.799379826,-2.947873116
677,1.291071415,5.189936161,0.284654647
678,4.266729832,-2.121332407,0.645841897
679,0.147582427,7.797669411,-1.304918766
680,-4.771739006,-2.437048435,-4.246087074
681,-1.841010928,-7.249633312,-2.758878469
682,-3.592490911,6.784603596,-0.166767418
683,-2.549445629,6.057478905,-2.761533499
684,1.647429109,-2.694123745,3.060188055
685,3.210835218,0.126307324,6.323665619
686,-2.214401484,-7.410129547,-3.306935787
687,-1.191485047,-8.069746017,4.286661625
688,0.872088969,-0.196179092,5.196431637
689,-7.694280624,0.582859933,-1.901926994
690,3.818902731,-4.501861095,5.412590504
691,-3.850412846,0.926555693,0.902980864
692,9.018852234,-1.18684864,3.844756842
693,8.923033714,0.012810612,3.027540922
694,0.964043617,-1.312422276,3.950780153
695,7.07694912,-2.334769249,2.558343887
696,1.08112669,-2.303964376,5.128122807
697,1.664119482,-7.655227661,-1.93946898
698,-1.807686567,-7.068787098,-2.459064245
699,5.263278961,4.202372074,0.98439467
700,-3.061368227,-4.268112659,1.260703087
701,-3.36023283,-6.506891251,3.226432323
702,-0.712323248,8.876921654,1.217794538
703,-5.753247738,-4.54428196,-2.564347982
704,-6.195411205,-0.913273335,-0.253496855
705,-2.079795837,-6.512378693,3.358694077
706,5.079023361,3.070849657,1.61228478
707,0.7885831,-0.22036311,0.02099449
708,7.056515694,2.794059992,0.57280761
709,-3.023967505,0.502910495,-6.355596066
710,0.74283874,-5.538686752,0.799228549
711,-7.131308556,2.99853754,-2.346969128
712,5.510138988,3.222673893,4.60014534
713,2.210936308,2.587568521,-4.099619865
714,1.684509397,-2.206235886,-3.266765356
715,2.577846289,2.306676149,3.353680372
716,2.038394213,-4.877448082,5.977996349
717,4.300359726,0.095115498,3.975122929
718,0.15864037,2.797600985,2.787436008
719,-7.360952854,-1.675223827,-6.23227644
720,4.691503048,-3.612247944,6.131192207
721,-2.85372138,-3.90693593,1.57956481
722,1.936887741,-5.67647028,0.44394967
723,5.121194363,4.033012867,-1.566101789
724,2.784176826,5.033484459,4.880925655
725,2.645940542,-3.774342299,0.544365704
726,-0.538800776,4.109352589,3.404713869
727,-1.311858773,-8.230381966,4.278992176
728,4.764391899,-6.30746603,2.324704409
729,-0.784071028,-1.754480958,3.652004957
730,4.554864883,-4.075626373,5.653287888
731,1.16380477,7.245275497,-0.055725019
732,-0.553550065,7.016579151,-0.614154458
733,0.671522141,-3.612404823,-3.273628473
734,-3.216565847,-5.506211281,-1.698433161
735,6.645681381,0.095948443,6.69331789
736,-1.998256683,-1.419232249,-0.025763068
737,-3.824578285,-4.353995323,1.517640352
738,5.472093105,5.356324673,-1.518490553
739,-0.396410108,-9.989548683,-1.149343729
740,7.388606071,-1.43738091,2.247990131
741,3.59355402,7.512427807,-2.621415615
742,-2.834012032,3.201019764,-6.150257111
743,1.549385786,8.760134697,-1.664389253
744,-5.097706795,-0.157099605,-5.633670807
745,6.719806671,1.162977576,3.57268405
746,-0.279930443,-2.832682371,-3.865210772
747,-4.660650253,0.542378306,-7.30094862
748,-4.718770981,0.770576477,-1.404789686
749,2.758738041,-0.115705535,-2.236457586
750,2.337024689,2.766028881,-3.977177143
751,3.540609837,-0.054917507,4.135812759
752,-5.418316364,-1.613093734,-7.268904686
753,-5.524233818,3.912740707,-2.252736807
754,-1.897671103,-9.52060318,2.880759239
755,-2.34712863,-8.381182671,-1.333879113
756,-5.137554646,-4.648902416,-4.858738422
757,4.723538876,-0.849860311,2.426031113
758,3.698839903,-2.784821272,7.122595787
759,2.642608166,1.945540428,5.105079174
760,-3.912267447,5.393024445,-2.980480433
761,-1.891013622,5.333911896,-4.412252426
762,0.10008727,-0.180563584,-5.15571022
763,1.639250875,7.488862038,-4.045871735
764,2.415842533,-2.784948826,2.290764809
765,-0.575403154,4.312948227,3.228446722
766,-3.087605,7.046826363,0.063649118
767,1.340684891,-7.626656055,-2.064164877
768,-4.604633808,-5.39559269,-4.853633404
769,-2.875241518,1.831224203,-7.071377754
770,0.616443932,-5.228263855,5.211392879
771,-6.284267902,3.688446045,-1.946424961
772,-5.292912006,0.255688995,-6.609075546
773,-5.504575253,1.053350925,-6.735153198
774,-6.129470348,2.119843245,-3.863257647
775,1.888314366,-7.214097023,-1.648172736
776,-0.756826639,-9.842698097,-1.492398381
777,6.156359196,-5.099258423,1.07646656
778,1.874417424,-3.744391203,-0.424155772
779,5.464674473,3.558779478,-0.687124789
780,-2.043488026,-2.57591939,2.704246044
781,-4.55332613,0.234604627,-7.39359045
782,-3.687224388,-1.512660503,0.180879921
783,-5.757208347,-1.651078701,-3.995637178
784,-3.386051893,1.0350734,-7.641633034
785,6.137661457,-0.518352091,2.480395317
786,-6.720049858,1.813448191,-0.79298842
787,-2.05725956,3.986789942,-5.393759251
788,2.013312578,-8.279378891,0.602104843
789,-1.407503605,-2.245665073,-3.418387413
790,0.748467684,-2.916294813,3.189373732
791,-5.538123608,-5.337501526,-1.760685921
792,-3.017645359,-9.015447617,3.188209057
793,4.67618227,-3.321355343,0.088621281
794,1.246963024,-1.974151731,-3.234138727
795,-8.415518761,-1.10512054,-4.350392342
796,-0.544551134,-3.018663168,4.457905769
797,-2.985983372,2.499030828,-4.7889781
798,-3.307642937,1.766991019,-3.915182114
799,0.79508239,-5.372852802,1.854884744
800,-5.549479008,3.052345037,-2.238420963
801,-1.483142018,-7.215127945,4.136723995
802,0.760619819,-1.750687957,4.433871746
803,-4.001245975,-0.481095761,-6.569324017
804,6.309618473,-0.013321934,7.218763828
805,1.777505517,-4.800215244,-1.999151587
806,7.78402853,-0.022235744,5.147469521
807,0.942008674,-1.206730247,2.269802094
808,-4.802369118,-5.265739441,-5.73135376
809,4.847317219,-1.476981997,5.723400593
810,-2.299978495,8.191509247,0.247394562
811,1.423256278,7.065472126,1.139114261
812,-1.684887171,-1.380186915,-2.501369238
813,-6.535171986,-2.610937595,-6.790184975
814,0.0906213,4.886468887,3.686271191
815,-4.146388054,-1.404616117,0.562680602
816,0.75583148,0.322549701,-2.682924986
817,2.110038996,5.525959492,4.423789501
818,-0.675868928,0.792273283,-6.064399719
819,-3.218351603,-7.27569294,3.171108961
820,-1.615104318,5.618817806,-4.210605145
821,0.981921196,5.252031326,-4.737152576
822,-1.954420209,-5.98896122,-3.349781752
823,4.976153851,2.194584608,6.478296757
824,3.506666422,-6.588223934,2.00128746
825,-2.810368776,-9.153606415,3.217614651
826,-4.334671974,6.084819317,-0.795036674
827,0.505326211,-1.31031394,4.701274395
828,1.196502566,2.249600887,4.639616489
829,-5.43613863,-3.840473652,-4.978312016
830,-6.274318695,2.221419096,-3.916696072
831,-0.323445469,-0.44191277,-2.28798604
832,-0.818491518,7.735644817,0.341536909
833,-1.952491045,-7.35157156,-2.390182257
834,4.587387562,-2.074644327,4.578355312
835,-7.706486225,-2.173920393,-1.996003747
836,-5.128786087,-3.999985933,1.223579049
837,6.030435562,2.910725832,4.344180107
838,-3.755569458,-5.470315933,-1.69436574
839,-2.152088642,-5.653336048,-3.424078703
840,-6.960121632,3.04540205,-2.054078341
841,0.355679154,-6.944092751,4.861168385
842,6.557673931,0.043273501,2.516370773
843,1.572951317,-7.164154053,4.030799389
844,2.188508511,-7.65469408,-1.640427113
845,2.640735388,-4.733172417,0.103861645
846,-4.410602093,2.120345831,-4.111979961
847,-8.000740051,-1.73952198,-4.620728493
848,-2.342479229,-9.52338028,3.274338007
849,0.317007393,-7.554824352,4.548278809
850,0.10248635,-1.564746022,4.66808176
851,4.020684719,0.081705712,2.038999319
852,-1.221088767,4.026464462,-0.529319406
853,7.500311375,1.599478841,0.462172985
854,-1.518303633,-6.842796326,3.73574996
855,-1.158269882,-1.456026554,-0.399299324
856,-7.251757622,-2.312845707,-2.043722868
857,-6.886198997,0.240558416,-5.525171757
858,3.201278925,-1.638361454,-2.240055799
859,5.505615711,5.192656994,-1.474126697
860,-0.849080563,-2.504675865,3.567054749
861,4.829204559,4.671159267,-1.85695374
862,1.046153426,8.201404572,-2.485966206
863,-1.894102335,0.65339756,3.274432182
864,4.559515476,-5.910640717,2.862843037
865,-4.648044109,0.632949173,0.43889758
866,1.288280487,-8.593649864,1.181847572
867,-0.38247025,-4.207944393,-2.893841267
868,1.042425036,0.786564887,4.590135574
869,-5.441265106,-2.825262547,0.599239767
870,1.009545445,0.302830964,-1.740069985
871,5.243395329,2.659177303,-0.570123017
872,-4.25861454,-0.335497767,-7.221244335
873,3.557349205,-5.172636509,-0.106607027
874,-8.721353531,-0.323575854,-3.128797531
875,1.873847842,-7.738314629,-1.884273529
876,2.769188881,7.353428841,-1.32249248
877,-5.419817924,-2.070132256,0.375942588
878,-5.116261005,-4.760622025,-6.371927738
879,0.286862046,-4.689220428,4.787220001
880,0.790486693,-9.926282883,-0.140505061
881,-2.835775375,0.430293024,-4.624670506
882,3.403956413,-0.237248555,3.917440176
883,-6.621091366,-3.230161667,-0.29368186
884,2.89408493,2.058431149,3.864217281
885,1.606760263,3.900220156,4.331912518
886,7.945010662,-0.253164083,5.173760414
887,0.771039367,-2.837315083,-3.141720772
888,-0.040733203,6.492812157,-4.483218193
889,-7.651441097,1.579796076,-2.790145397
890,3.549751759,6.025485039,1.48164773
891,-7.325865746,-2.38711071,-0.952903867
892,-2.515375137,2.581361055,-5.345219612
893,-1.094481707,-9.637722015,-1.462819576
894,1.62565136,-3.302272797,4.245429993
895,-0.877320111,-8.475430489,2.296924353
896,-4.426655769,4.893482685,-3.218500853
897,-5.030587196,0.199728996,-7.456846714
898,-2.399708271,-3.963299751,-4.345170498
899,7.506824493,-0.589880228,5.801305771
900,-7.918477058,-1.512271285,-3.80455184
901,-0.264497489,-4.313296795,-1.939253092
902,-0.84688729,-8.49698925,1.249010801
903,-2.978599072,-4.662587166,-1.252112985
904,-4.912184238,-0.24454236,-7.427234173
905,-1.506655693,-1.269614697,-4.151241302
906,5.654392719,1.631688118,1.305955529
907,4.700766563,4.261449337,1.087209702
908,7.091822624,2.075707674,3.430157423
909,3.873715878,4.443114758,4.861450195
910,0.846545577,1.739357233,4.604721546
911,-6.508872032,-2.964896679,-2.235915899
912,1.730248809,1.900089145,4.596530914
913,-2.890568733,-3.902809143,1.245566487
914,6.902834892,-4.120606422,1.609607816
915,1.492116213,0.070221223,5.590843201
916,3.463537455,3.225969076,-2.979364872
917,-3.523251295,-4.847590923,-5.967098236
918,0.580840528,1.154337287,1.092662811
919,2.682703972,-2.402237415,-1.492159963
920,-5.179407597,-4.3184762,-6.446013451
921,-1.925069928,2.58195281,-4.306068897
922,5.126902103,4.325115681,1.13696897
923,-4.16480875,2.591256618,-2.077593565
924,3.338059902,-6.895074844,-1.037790656
925,-0.332908332,8.962604523,-0.226952285
926,-4.822861195,-5.953966141,1.16759336
927,1.499676228,-5.171984196,-1.862510085
928,6.267397881,-4.791962147,1.309050918
929,-6.323944092,-4.167351723,-2.006762266
930,-3.837912321,-4.791730404,1.258750319
931,-2.982877731,-5.740929127,-3.882828474
932,2.2911129,8.729502678,-1.808977365
933,-1.717617393,1.907814145,0.806680501
934,0.232964605,-0.246863097,-5.117358208
935,-3.751902342,0.088194311,-7.146577358
936,2.647458792,6.781271458,-0.749956489
937,-2.443572998,1.782226205,-6.423805714
938,-2.638768435,4.386633873,1.654698133
939,6.976383686,3.342169046,0.342446059
940,1.095129132,6.799040318,-4.242120266
941,3.144782543,5.750469685,-2.978792429
942,0.882384062,4.724149704,2.710803747
943,-6.769801617,-2.100063801,-6.72480917
944,-3.148823977,-4.98670435,-1.455432773
945,-1.849109292,0.477626413,3.238651037
946,0.580681086,-3.315977573,3.532679558
947,1.810522914,-1.755008221,-2.994475603
948,6.13384819,-1.115330577,6.28668499
949,3.618959188,-7.079454422,-0.809266388
950,-7.161004543,-1.809925556,-6.423625469
951,-3.256880522,-5.367551804,-1.75540626
952,-3.71629858,-8.029526711,2.806680918
953,8.256939888,-2.47917676,3.284142017
954,-0.256190985,-1.921305895,0.509746909
955,-4.601016521,1.039544463,-0.882933021
956,-3.667312145,0.814664066,-6.186954498
957,-0.235093728,7.529355526,1.667972922
958,-0.079005972,5.774120331,-4.851164818
959,-1.747139573,-2.050252676,-3.171344757
960,-5.080050945,-0.722932816,-4.564730167
961,-4.850559711,-2.103538513,-2.767708302
962,1.082760453,3.736144066,-1.457437634
963,3.548653126,-7.848368645,1.513266921
964,-3.683692455,1.033435106,-4.044319153
965,6.894223213,2.359360933,3.469807386
966,0.171763211,0.072629079,2.149547577
967,6.351868629,0.474795878,6.846090317
968,3.051926136,2.022904873,6.031959534
969,-3.645112038,6.729635239,-0.270154417
970,5.29872942,-6.516205788,0.685220301
971,4.269167423,-3.901731014,4.713196754
972,-1.294972181,-5.172693253,-3.623503923
973,-8.299676895,0.838386357,-3.344863653
974,-0.806376398,4.000619888,1.020540118
975,4.867415905,4.189129829,-2.039693594
976,-3.084583521,-4.852188587,-5.723624706
977,1.174803257,6.991667271,2.608937263
978,7.913694859,-2.697575092,3.227840662
979,2.255544662,-8.01113224,-1.703157544
980,1.529634356,-9.104250908,0.819969654
981,1.614284277,-6.376731873,-0.763709307
982,4.853047371,-6.687153339,1.875836492
983,7.127276897,0.598478615,5.719118118
984,-4.276238918,-0.869813979,-2.283755541
985,-2.779540777,-4.501829147,-5.974764824
986,-7.89970541,-2.126730919,-4.421473503
987,-3.569764137,-5.837595463,-1.953270912
988,-0.07850232,5.896427631,-4.789111137
989,-6.435650826,-2.913260221,-5.737276554
990,5.196146965,-1.702181578,7.329395771
991,-5.46281004,-3.696137667,-4.510262489
992,3.406026602,-6.442016602,2.267304182
993,5.403037071,4.450157642,0.841097116
994,5.95497942,-0.252313018,8.457010269
995,-3.400832891,-5.283252716,1.271058917
996,0.323669702,0.705461621,2.0219028
997,1.435379028,-5.578977585,4.513600826
998,4.109284401,3.849234343,1.554288387
999,8.490166664,-2.140014648,3.249744415
1000,4.535639763,-2.980685234,-1.524649143
1001,-5.644122124,-5.417126656,-1.312511683
1002,-4.590502739,-0.166221619,-7.461844444
1003,-7.775239944,0.583378732,-4.880724907
1004,0.095335364,-10.49997997,0.043051966
1005,-5.638062477,-1.329068303,-4.221463203
1006,1.780591249,7.055746555,-4.614121914
1007,5.650300026,3.318527222,-0.514701307
1008,3.41019702,7.464054585,-2.605198145
1009,2.113724709,8.281163216,-2.920449734
1010,3.365725517,-0.191766426,5.779767036
1011,3.638188124,-2.3565588,-1.180590868
1012,-0.663226604,-5.725441933,-2.575497389
1013,1.511067033,3.817789793,4.011500835
1014,4.024127483,-4.498779297,5.010482311
1015,-2.357359648,2.000000477,-6.2346735
1016,-0.015048239,-0.157734469,0.357570618
1017,-5.85288763,-4.20649004,-2.729076385
1018,-7.31037426,2.598920345,-2.50551486
1019,3.983989716,0.251650929,1.293503046
1020,5.827613354,0.438420773,6.109085083
1021,-3.101272821,2.385635853,-0.599856973
1022,3.850600958,6.684422016,-2.586882591
1023,5.682619095,-5.396925449,1.119345546
1024,3.599976301,-0.024289237,3.59000659
1025,3.723296404,-2.469798326,-0.831476212
1026,-6.557917118,-3.251444578,-0.632184029
1027,-0.910445809,-3.755066872,-4.681173325
1028,-1.588335276,2.787228823,-2.741124153
1029,-3.234100819,1.745043159,-5.024894238
1030,3.162502289,5.787796497,2.917223692
1031,-0.778137326,-3.317003965,-3.1200459
1032,3.4885602,-4.980938435,-0.037425935
1033,4.441141605,5.362558842,0.380542457
1034,0.855751336,-3.707568645,-3.076642752
1035,1.083395362,-3.940424681,0.961035609
1036,-1.254623771,-5.229793549,-3.191699743
1037,4.754352093,-3.928562403,3.841361761
1038,2.956935167,-0.738781095,0.853519201
1039,-1.349875331,4.982010365,-2.982181549
1040,-4.241057396,-5.602817535,-0.258510083
1041,3.388203144,-2.122147083,-2.53947854
1042,2.424644947,-0.704531789,0.926043212
1043,1.705034375,-3.898395777,1.793893814
1044,0.719033241,2.192342758,-1.767426848
1045,-0.735185862,2.411447763,0.409233391
1046,-4.990665913,-5.984650135,0.823353291
1047,-0.630795002,-2.76971364,-3.814109087
1048,-1.354258537,6.908178806,-2.443383455
1049,3.168153048,3.755788088,4.977037907
1050,-5.594484329,-5.313105106,-1.626022696
1051,1.988900661,3.324823618,-3.87421298
1052,-3.829898357,-4.942987919,1.32995069
1053,0.498575449,7.010736465,-5.377278805
1054,-0.856081069,4.609782696,-5.254426003
1055,5.234811783,-1.188072443,-1.077570677
1056,-1.155341625,2.745787144,-2.878236055
1057,3.007498741,8.047761917,-3.205124855
1058,-1.138585567,-0.910943687,1.565583229
1059,-6.488115788,1.354744434,-1.674190164
1060,2.674229145,-7.692469597,-1.299896717
1061,7.860628128,-2.946064472,2.508562803
1062,1.110054612,0.051560342,5.493801594
1063,1.956802607,-9.195425987,0.061871573
1064,-2.591646194,4.619765282,1.171718717
1065,0.048173454,-1.759410024,4.579314232
1066,-0.025101624,-10.23176765,-1.008496761
1067,-0.138130695,-9.154524803,3.394748449
1068,2.315630198,-7.216922283,-1.59335649
1069,-7.516578197,-1.505895376,-2.193038464
1070,-5.012125492,-2.997233152,-3.879898548
1071,-7.312088966,2.299772978,-2.594326735
1072,1.809794307,6.863821507,-4.33579874
1073,-2.928957224,-9.102509499,3.224281788
1074,3.750077486,7.539392471,-2.446029663
1075,-1.543226361,4.458431244,1.551213145
1076,-4.0327425,-0.969619691,-1.658665299
1077,-2.199171305,-9.597727776,2.98464036
1078,-0.090241835,-0.330945492,-5.160093784
1079,1.322697878,6.418622017,-4.757917404
1080,-1.060456276,4.021186829,-0.752667427
1081,-0.452963263,-9.205172539,3.411644936
1082,-5.772322655,4.14377594,-1.154650211
1083,7.405969143,-0.02592467,5.666325092
1084,3.565613747,-0.572007895,5.339327812
1085,2.989284992,-4.055836678,4.814059734
1086,-1.42859292,1.604380846,-6.710883141
1087,-5.088251114,-4.499559879,-3.290718794
1088,0.01062606,5.34318924,-5.097039223
1089,-4.808257103,1.208204389,-0.894920409
1090,-8.221405983,-0.554468691,-5.632702827
1091,-0.097675167,-2.250063658,2.124712467
1092,1.714416027,2.62770009,3.136757612
1093,-4.368465424,-0.066361092,-7.648388386
1094,-1.454655409,-7.695571899,3.780229092
1095,-5.36515522,3.985968113,-0.734264612
1096,-2.494764566,-0.781771421,-5.630687237
1097,-8.402470589,-0.460945785,-3.159461737
1098,-5.525689125,-2.425382853,-5.177090168
1099,5.043059349,-1.944905519,7.567112446
1100,6.04411459,-0.264352471,8.404080391
1101,-1.713891745,0.751796246,-4.528393745
1102,-0.222444996,2.087775469,3.450428247
1103,3.123425961,-7.57194519,1.338978291
1104,1.209118962,6.824605942,3.155540228
1105,2.760867357,7.260344028,-3.544706583
1106,0.996312916,-10.08295059,0.414518118
1107,2.587262392,8.648491859,-1.997598767
1108,5.297468185,-0.135968313,7.921927452
1109,-4.296656132,0.834253252,0.611111283
1110,-3.872148514,5.393611908,-3.091836929
1111,1.424819589,-0.209402323,5.63883543
1112,-1.740036488,-5.302627087,-3.938081503
1113,-3.877987146,-4.375927925,1.447225928
1114,-5.511250019,-0.515392005,-1.629704833
1115,2.644697905,-5.161726475,5.290088654
1116,4.628837585,-2.054764032,0.693741143
1117,7.216910362,2.700826168,1.093860269
1118,-0.415984631,-4.963783741,1.679814458
1119,6.964174271,2.691395998,2.227006197
1120,2.724625349,6.578642368,0.364197463
1121,-5.286201954,1.218116403,-1.470341086
1122,5.222252369,-0.353286386,8.070273399
1123,-4.478880882,-5.537429333,1.355659246
1124,-0.765164971,-5.877044201,-2.944090605
1125,-3.010624886,3.824852705,-0.667506814
1126,-1.990696788,1.809710503,-4.454888821
1127,-5.651820183,-5.156275272,-2.035066843
1128,0.830676556,2.813761473,4.545406818
1129,4.112594604,-1.101993918,7.423873425
1130,2.516767263,-2.123856306,-2.958282232
1131,5.352598667,4.387283802,0.786846876
1132,6.008395672,-1.493014812,6.109566689
1133,3.330702543,6.425377369,-3.01239109
1134,4.185163021,-4.472224712,5.494569778
1135,1.778336763,-8.156591415,1.367459893
1136,-4.257506847,-0.577000618,-6.51396513
1137,1.929526687,-9.558153152,-0.112874381
1138,-2.049361706,-9.545180321,3.002403975
1139,-2.942510366,4.626556873,1.596422911
1140,5.323880672,-0.113418594,7.618438244
1141,-1.488005996,1.282369852,3.510350466
1142,8.300940514,0.718599916,2.887731552
1143,-3.790995598,-6.686177731,1.652946353
1144,3.803695679,4.676361084,4.526130676
1145,-1.639015675,3.358176947,-1.455144525
1146,5.175842762,2.536243916,5.68645668
1147,-6.950064182,2.625050306,-3.121111393
1148,0.061316911,-4.137840271,4.501292706
1149,5.140224934,3.145774126,5.163232803
1150,-1.393440485,9.23086071,0.300944746
1151,1.525308371,3.956672192,3.978656292
1152,-2.42858243,-4.666095257,-5.47918272
1153,-0.16509302,7.766643047,-1.188004136
1154,2.547199011,-4.214243889,6.122909546
1155,2.165552616,-7.847694874,-1.577548742
1156,4.555689812,-3.934380293,5.86919117
1157,-1.418880224,1.321809769,3.542985201
1158,3.29985857,-8.546541214,-0.203136653
1159,2.322294712,-7.229412079,-1.658111811
1160,5.241234303,-2.573004007,-1.176722884
1161,2.470920563,7.544620991,-3.639466047
1162,4.539505482,-6.793058395,1.884146094
1163,0.695724487,0.047518928,1.869263768
1164,6.49741888,-0.683382511,6.440693855
1165,-2.983654737,6.328471661,-0.068739377
1166,2.148327112,-3.130553722,5.874906063
1167,3.657558203,6.244364262,0.770380139
1168,-2.071506262,2.287796021,-3.898705721
1169,7.044943333,-3.977382421,1.947487235
1170,3.506618977,-3.455343723,-2.223840475
1171,6.038682461,3.325299025,1.314219356
1172,-7.874798298,2.287738085,-3.535067081
1173,2.315950155,7.347605705,-0.897057652
1174,-3.676227808,1.164354324,-4.287606716
1175,8.438982964,-1.40783906,2.442496538
1176,-6.143676758,-4.25803709,-2.183885098
1177,-6.021134377,-1.908434272,-6.5225811
1178,-0.468455344,-8.505543709,3.17855382
1179,-5.12749958,-3.942953825,-5.603807926
1180,2.995882988,7.441807747,-3.498399019
1181,-3.029613733,5.65646553,0.226381376
1182,-2.412126064,1.863292813,0.215043962
1183,3.391884804,-1.698467374,-2.841827869
1184,8.641982079,0.409302115,2.173677206
1185,0.367358476,2.992387533,2.569905281
1186,-0.101505339,-3.941686869,-2.739314795
1187,5.683008194,1.583551764,-0.53660053
1188,5.101222992,-3.840590954,3.983774424
1189,0.573849261,4.085246563,2.407090425
1190,-4.453565598,2.954808712,0.93637675
1191,6.526613712,-3.326845646,3.726842165
1192,-0.934559822,0.349773616,-0.130639791
1193,-2.061612368,3.771978617,-1.516881108
1194,3.018238306,-0.509499848,2.08669138
1195,-3.364621639,-4.8101964,-5.820066452
1196,4.137657166,2.779235601,6.216480732
1197,-6.036928177,0.525425375,-0.298789382
1198,1.099619627,-10.43433857,-0.380348772
1199,-5.469493389,-0.501968801,0.228087872
1200,5.804681778,0.909516931,-1.302905083
1201,1.29785347,-8.385512352,3.082184792
1202,-3.381596088,6.384373188,-0.673264265
1203,-4.199477196,-1.41746223,-0.964028835
1204,3.283586502,5.84530592,-2.832871914
1205,5.728529453,-0.017930692,8.00520134
1206,-2.324751139,-8.379009247,-1.660365701
1207,-0.56139636,4.976033211,-5.435414791
1208,5.167842865,-0.342921019,-1.191652417
1209,-8.375577927,0.383464336,-2.921050787
1210,1.397095084,-3.059681416,0.226201788
1211,1.768437743,7.494740486,1.862214208
1212,0.091028966,-10.19756413,0.500838041
1213,-2.186369658,-9.448795319,3.024727583
1214,2.869460583,-3.885677814,6.343519688
1215,2.775639772,-6.64108181,2.495192051
1216,4.321016788,-1.813528061,-1.612743735
1217,-0.196048751,-6.761639595,4.618658066
1218,-3.908889532,-4.661747456,-6.160966873
1219,4.917256355,-3.715011358,5.464819908
1220,1.3974967,-1.776352286,-2.608165264
1221,-2.573479414,2.855813742,-6.595155716
1222,3.158884525,-2.380652666,5.783254623
1223,-0.900740385,4.457649708,-0.685680032
1224,-6.014010429,-4.000776768,-2.535322666
1225,-4.09064436,-6.113867283,-4.988349915
1226,5.032634258,4.225262165,-1.839458585
1227,-0.427908987,9.012923241,-0.234177917
1228,-0.449638098,-9.991620064,-1.175087452
1229,3.858058453,2.868935108,6.265376091
1230,6.508559704,0.326500803,2.773873568
1231,0.11171753,3.731673002,2.581915379
1232,0.462343812,3.717230797,2.223302603
1233,2.916871548,-4.448219776,-2.404590845
1234,4.32559824,0.977867544,6.436378956
1235,3.973961115,3.652346373,1.705148697
1236,1.673408628,2.135271311,0.934888065
1237,4.655421734,5.229504108,0.688794553
1238,-0.60000515,3.559568405,2.490890026
1239,-3.41044879,6.339539528,-1.802334428
1240,3.655265093,-7.859811783,-0.303805977
1241,-1.275517225,-6.619414806,-1.553587675
1242,-1.018707037,-0.847115874,1.761744499
1243,-0.342533082,7.811960697,1.115645051
1244,1.99571383,8.393128395,-2.510632992
1245,-0.495951772,-10.22785473,0.320398778
1246,-1.196470857,-9.482432365,1.953406334
1247,2.830855846,-0.669398367,0.609758079
1248,0.862371087,2.286940575,-1.821429133
1249,-3.218269348,0.701588392,-4.106081009
1250,-3.840943098,2.778039694,1.099101186
1251,7.233441353,0.601435423,1.758810282
1252,0.801268816,2.099134207,-1.846222878
1253,-0.531009257,6.347589493,-0.722163498
1254,1.1285671,-2.566822529,4.338012695
1255,-2.497213125,1.050853729,-6.825960636
1256,5.625044823,2.599415302,0.049116164
1257,4.610073566,5.542624474,0.680502355
1258,-3.000107527,5.100246429,0.616693854
1259,2.717094183,1.783393264,-0.887232542
1260,2.966209173,-0.475673735,-1.886168838
1261,-8.294121742,1.310487866,-3.018046141
1262,-3.607458115,-4.714465618,1.084144592
1263,7.205687046,-3.269990683,3.071543694
1264,4.995219231,-2.171778679,-0.249838501
1265,-0.877029479,1.23745513,-6.382637978
1266,-1.93592155,4.348136902,-5.284028053
1267,-2.028038979,0.569176674,-6.673404217
1268,-0.131106526,0.293370664,-5.466152191
1269,0.305763632,-3.126861334,3.549542189
1270,3.25804615,-2.025016546,-2.717023611
1271,-1.808312178,-6.185405254,-3.063282728
1272,0.721502125,1.338955522,2.755365849
1273,4.130379677,-4.486935616,4.782315254
1274,-2.508085728,1.415580392,-7.062186718
1275,0.797134876,7.555537701,2.273843765
1276,0.109966248,-7.875726223,2.036101341
1277,-8.219153404,1.208319664,-3.082388163
1278,0.502077639,1.992908001,-2.540641069
1279,-2.453701735,-5.52352953,-4.72675848
1280,-2.718560457,4.440153122,0.998021662
1281,-3.209087372,-8.868037224,3.226295233
1282,-4.329434395,-4.916046619,1.840299129
1283,-3.894412994,-0.202959001,-7.092637062
1284,-5.942218781,-4.628366947,-2.133054495
1285,0.190708503,6.770496368,-0.289644659
1286,-1.662519932,-7.986055374,-3.724548101
1287,6.436053753,-0.304024637,7.839522839
1288,4.346374989,-1.35127151,1.337881923
1289,-4.465130806,-5.806659698,-5.369375229
1290,-1.50174284,-9.084170341,-1.638508201
1291,5.45416975,-0.274840057,2.702987909
1292,-3.370738268,0.518306255,-6.554817677
1293,3.436974049,-2.077062607,-2.758598804
1294,5.559702873,0.501308918,6.682322025
1295,-4.853560925,-4.253222466,-6.134451866
1296,1.151973486,-5.399953842,5.47898531
1297,-2.058334827,-5.682413578,3.64030838
1298,-1.569203019,-9.476230621,2.860209227
1299,3.037408829,-4.015192032,-2.194850445
1300,-8.255511284,0.415444762,-2.873350859
1301,2.218486309,5.863689423,2.321240425
1302,2.239434958,-7.386709213,3.550752878
1303,-1.39586556,-6.779480934,1.94449985
1304,-2.277875185,4.555172443,-0.351281613
1305,3.628340721,0.612002194,6.522253036
1306,2.087109089,5.443587303,4.36891222
1307,-4.498978615,0.635785341,-0.903359652
1308,-2.298077345,-3.358497143,1.53037405
1309,1.388200045,6.40641737,-4.616011143
1310,-1.49085927,1.952486515,-6.543737888
1311,-0.822164059,3.968122005,-2.086055279
1312,-6.563519001,-2.693488359,-0.355201811
1313,-3.36028862,-6.469595909,1.543771505
1314,1.948734879,-2.437229872,0.343029171
1315,-2.270537853,-6.791301727,1.922047019
1316,-3.343576431,6.40844202,-1.742749214
1317,-0.851340592,1.46696651,4.028869152
1318,-1.212005019,-0.347979218,-5.617717743
1319,6.814979076,1.295871973,3.251994848
1320,-1.863885641,-7.678573132,-3.804671526
1321,5.36324358,-0.518422663,-1.279049516
1322,5.884207249,-0.266856939,8.289274216
1323,4.729032993,-6.499695301,1.85311985
1324,1.403776169,-0.301732004,0.853826404
1325,-5.266270638,4.431490421,-0.62402761
1326,-3.158004284,-1.345274329,-0.338154048
1327,-1.121861696,3.712872982,-0.570402145
1328,-2.766205788,4.010075569,-0.552243531
1329,-0.386610508,5.812482357,2.99290204
1330,4.049885273,-6.856410027,1.453929186
1331,0.63172549,-8.478967667,-2.172845364
1332,7.401737213,0.623409212,1.07471633
1333,-3.695083141,-1.2841537,0.210256428
1334,3.24486351,-2.849610806,1.82835865
1335,-1.765300751,-7.826590061,2.689115047
1336,5.218978405,-0.185405925,-1.323178887
1337,0.68233043,-0.155194163,-0.19592157
1338,2.117156744,8.82936573,-1.575672746
1339,2.41245985,-9.022177696,0.887563407
1340,-1.575325727,6.433222294,2.058839321
1341,-1.183997035,-8.944416046,2.404604435
1342,4.185579777,6.705206394,-2.202911854
1343,-1.698064446,-8.022703171,-1.225168943
1344,4.126957893,-4.202782154,2.114951849
1345,0.277146012,-0.644986808,-2.96811676
1346,2.126082659,8.039656639,-3.663556576
1347,-1.762184739,1.188359499,3.268516064
1348,-1.13195312,5.265666485,-5.187923908
1349,1.09454596,-2.858540535,4.944936275
1350,2.466903687,-6.108729362,2.87811327
1351,5.700604916,-0.154313147,-1.050891161
1352,6.300476074,0.761903286,0.915766597
1353,3.502294779,3.731896639,-2.377618313
1354,-2.27654314,4.031724453,-1.143902659
1355,0.260406882,3.687151194,3.583727598
1356,1.859271765,6.080747604,0.667890429
1357,3.951867819,7.15926218,-2.621827841
1358,2.17300272,6.084769726,2.26553297
1359,-2.574660778,1.609805584,-7.007067204
1360,5.926503658,1.009393096,2.631016731
1361,3.112226725,-2.579813004,1.19960463
1362,3.398715258,-3.90716362,-2.375522137
1363,-4.449858189,-5.793785572,1.945180774
1364,1.215147495,4.17098856,-1.412350535
1365,-0.405513972,5.781238556,-0.596945107
1366,1.813846588,-6.098740578,4.716896057
1367,-8.047476768,-0.586480677,-6.050436974
1368,2.338481188,2.071079731,-3.682801485
1369,-3.128059149,6.510896206,-1.435521603
1370,-0.136917129,-9.211780548,2.918863297
1371,1.489162564,8.271446228,-2.219590664
1372,1.839493036,-2.525053978,0.17734547
1373,-2.736088991,-3.809943438,0.972897947
1374,1.78832221,-5.355776787,5.859644413
1375,1.869752884,2.7511127,1.107331276
1376,1.00318408,4.081292152,3.690620661
1377,-0.842467189,-9.210411072,1.885505795
1378,-1.366131902,-0.05541442,3.466192007
1379,5.519701004,3.202900887,-0.753487647
1380,2.148968935,-4.153980255,0.343977004
1381,5.481638432,0.614752829,2.933550119
1382,4.593116283,-1.177167654,4.473709583
1383,6.589922428,-0.726287365,6.456285954
1384,-7.783536434,-1.779029012,-4.834328651
1385,1.15025866,-0.472617626,2.713012218
1386,-5.81393671,1.11686945,-6.605335236
1387,5.429084301,-6.424837112,0.641074479
1388,6.173123837,-5.07084322,0.989778042
1389,-1.509406328,-7.380699158,3.511099577
1390,-6.053926945,-4.130136013,-4.528362751
1391,1.049984097,-5.007226944,-0.968458474
1392,-1.80456233,-7.10508728,2.203676462
1393,-1.225537419,-1.832504272,-4.80640316
1394,2.73013711,-8.78092289,0.90064913
1395,-0.902258158,-5.463291645,-1.519807339
1396,1.016784072,-7.266160488,2.029543161
1397,3.611660719,-6.487873554,-1.220814228
1398,0.910483479,6.545400143,-4.995645046
1399,1.255143404,-7.903776169,2.339420319
1400,2.967639208,-1.75578022,4.456442833
1401,2.977885962,-4.749941826,6.001318932
1402,8.803147316,0.026109179,3.055530787
1403,-6.928429604,-2.022249222,-0.622391939
1404,-5.172867775,-0.843139827,-4.622164726
1405,7.001779556,-3.591444731,1.639016986
1406,0.325098932,-1.228568912,-2.360092163
1407,4.750281811,-4.634034634,4.492272854
1408,-1.918163538,-8.591941833,-1.603955507
1409,-2.515880823,2.365431547,-6.668674946
1410,-0.211301535,-3.747007847,-2.086605072
1411,0.709704816,2.343513012,-2.053420544
1412,4.785336494,1.635680437,0.888023674
1413,0.328223854,6.914976597,-3.392168283
1414,-0.782512844,-8.470028877,1.860886335
1415,0.559778929,3.497266054,1.715343833
1416,-1.878946781,-6.862131119,-2.573683262
1417,-6.609157562,-3.191710949,-0.498890132
1418,-1.0792557,-1.937900662,-4.585644722
1419,-4.532344818,-4.344881058,-6.353325367
1420,-2.756446838,0.69595176,-6.372795582
1421,-0.304891258,-6.448766232,4.743441582
1422,3.66131568,0.467771113,6.496696949
1423,3.621796131,-8.13339901,-0.239925116
1424,-2.025355101,4.40707159,1.088242054
1425,2.060291767,5.777953625,-3.093948126
1426,-0.877676487,5.42236948,-5.336073399
1427,3.191318512,1.975872159,4.397122383
1428,5.596442699,3.249634743,-0.4191145
1429,4.592227936,-2.189181089,7.302951336
1430,0.457658857,1.493562698,4.713596344
1431,1.264408827,7.569386959,-1.964797735
1432,-0.252992928,7.240204334,-0.739739299
1433,0.704636872,2.23780179,-1.392665386
1434,-6.542595863,3.64607048,-2.227866888
1435,2.158808708,-0.326718748,5.958083153
1436,2.431892872,-7.716846943,-1.654759407
1437,5.183508396,-5.290735245,3.040373087
1438,-1.095396399,-8.987347603,1.983283281
1439,0.626053035,-7.632055759,3.740452051
1440,4.659620285,4.564206123,-1.882259846
1441,1.651893377,5.585011005,0.898003459
1442,0.498793513,-0.619561017,-4.53247118
1443,4.764125824,4.38946867,-1.930297256
1444,1.910720944,6.518625736,2.442315817
1445,6.40666151,-1.139729738,6.351119041
1446,-7.236394405,0.589758754,-5.220440865
1447,-1.738987565,-7.669178963,-3.314296484
1448,-4.668416023,-2.097144604,0.600221753
1449,6.24290514,-0.385007769,-0.56866914
1450,2.991010904,-2.689622164,5.876832485
1451,0.932572663,-9.983306885,-0.195548385
1452,-1.1500175,-2.928919554,3.543174744
1453,8.538563728,0.712893665,2.247461796
1454,1.289491296,5.852366924,-4.783101559
1455,2.339443684,5.905761719,2.386738062
1456,2.83304143,-2.91070056,1.596369267
1457,-4.742854118,1.942370296,-1.202120185
1458,-3.568647861,2.495312452,0.894070804
1459,7.467387676,-1.01816535,5.693401814
1460,7.469209194,0.282120138,4.213541031
1461,-3.8297894,-0.449872822,-7.136243343
1462,-0.576105237,-5.529942036,4.559710026
1463,-5.332194805,-0.009208199,-5.880998135
1464,3.680265188,-4.98700428,-0.467908144
1465,2.037876844,-1.047872543,1.818147779
1466,-2.190810204,1.912576437,0.420340717
1467,2.392396212,-1.875623107,0.254082739
1468,3.957143307,-3.837449551,4.697033882
1469,-5.207090855,-0.769350111,-2.660047531
1470,-4.347781181,2.952796698,-2.169257641
1471,-0.007388909,0.183958709,0.966327012
1472,-0.461488426,5.12691164,2.876661539
1473,-0.84767586,-1.082170844,0.826880097
1474,4.275141716,-1.955771089,0.223333865
1475,5.310892582,-5.879729748,2.03358984
1476,6.25057745,-0.261498004,-0.553581834
1477,0.405396342,-9.440667152,-1.562296271
1478,-0.376621902,5.189194202,2.814294577
1479,-5.122016907,-4.305848122,-6.462597847
1480,-3.782871962,-6.940840721,2.346951485
1481,5.503844738,-0.446235806,7.938965797
1482,-2.191869497,-3.6137743,1.328283072
1483,1.951106668,2.07149291,-0.647838891
1484,-3.13625598,0.362537533,-7.605708599
1485,-8.200306892,-1.516452193,-2.535018682
1486,-3.44141674,0.933578551,-4.887726307
1487,3.329985142,-7.436398983,-0.943770647
1488,1.260806561,-9.484108925,-1.353002191
1489,-1.296360493,9.208030701,0.420688123
1490,-0.815626264,8.924070358,1.249811411
1491,-0.231742263,-10.13356972,1.432101607
1492,-3.686283112,-2.842867374,1.61388576
1493,2.154593229,-3.4747293,-2.612683535
1494,-3.494881392,4.293028355,0.617503285
1495,-7.937614918,2.093524694,-3.776839733
1496,2.205317974,-6.216712952,3.722951412
1497,0.606813431,7.661859989,2.621266603
1498,-0.429142267,5.324043751,-1.288819551
1499,2.206386566,8.718201637,-0.994232893
1500,6.072274685,1.258123875,1.825907111
1501,2.409850121,-3.504289627,0.635326266
1502,-3.482380152,3.852972269,0.046527524
1503,-5.677801609,-0.536319196,0.022307426
1504,-4.955228806,0.653851926,-0.722055435
1505,1.699661851,1.973999977,1.069203019
1506,3.472338676,5.996730328,2.275233984
1507,-4.25549221,-4.875312328,-5.647927284
1508,1.890263677,-4.668919086,2.617648125
1509,2.915854931,6.864429951,-3.687847376
1510,7.724740982,-2.837615728,3.312689066
1511,-5.198768139,-4.555510998,-6.405313015
1512,-0.169042304,-10.2575407,0.796402633
1513,-2.943601608,5.372900486,0.573107064
1514,2.07068634,-7.867479801,1.995760679
1515,-7.85428381,-1.671985865,-4.395447731
1516,0.550858259,1.405813694,2.529028177
1517,-1.400851011,6.27757597,2.252378225
1518,2.809283972,-4.238690376,4.355300903
1519,0.841573954,-0.51444006,2.811560154
1520,-5.011424541,-1.137212396,-7.66098547
1521,-1.295498967,-8.232973099,4.316632271
1522,-2.727893114,5.467263699,0.845482588
1523,7.304619312,-0.30597809,5.906747818
1524,0.743208826,-6.566617489,-1.257880449
1525,-4.439526081,0.199855924,0.507150769
1526,-4.396593094,4.625393867,-3.31685257
1527,0.209425166,8.150403976,-1.594830394
1528,-1.897957206,4.358295441,-5.168076515
1529,3.802463293,4.903263092,4.184424877
1530,3.6563344,2.330200911,2.301304579
1531,0.393830389,3.350833178,1.096054316
1532,1.443225026,0.759842038,-1.858926058
1533,0.090293251,-3.165370226,-2.934344769
1534,-3.565983057,-6.798829556,2.347372055
1535,-5.133733273,0.043237913,-6.063259125
1536,2.153776646,2.644081593,-4.158614635
1537,8.809955597,-0.899853885,2.712700605
1538,-5.960569859,-2.466130972,-5.653894901
1539,-4.653372765,4.265698433,-2.854207993
1540,4.102092266,0.00521325,3.751563311
1541,0.006276526,-0.481692821,2.453608513
1542,5.588685036,-2.057360411,5.928009987
1543,-3.104283571,-1.403384328,-0.431906074
1544,-4.218275547,-1.915562034,0.778029501
1545,0.970953465,-5.561153412,5.305420876
1546,8.463266373,0.700746596,2.111403465
1547,2.306133747,-3.764203787,4.141299725
1548,-0.512745082,-3.35573411,-3.573189735
1549,-7.897978783,-0.861977756,-5.352274895
1550,0.776823938,-7.830167294,2.145038605
1551,-3.735468626,6.860484123,-0.234922007
1552,-5.431881428,-4.995871544,-2.550958157
1553,4.842452526,1.673674464,-0.844722509
1554,8.861863136,-1.18519032,2.88344121
1555,1.459832668,0.300196797,3.797491312
1556,2.822083473,-4.700557232,6.170250893
1557,6.14047575,-1.442733645,6.46992588
1558,6.549422264,0.159439728,6.999246597
1559,-7.12989378,2.503061056,-1.695650697
1560,0.78334713,7.172128201,0.059855271
1561,-0.332391262,-3.829051733,-2.364458799
1562,-4.304578304,-5.658453465,-5.349497795
1563,3.979300499,-4.776087761,3.875266075
1564,-0.729527652,2.872990608,-5.052568436
1565,3.63683176,-0.200091809,4.057371616
1566,1.815727115,-6.229195595,-0.313505441
1567,-2.976205826,-4.047858715,1.230140924
1568,2.286828995,2.21569562,-0.258793116
1569,3.255206585,-3.296290874,4.040048599
1570,-7.622136116,-1.816915631,-5.047875881
1571,4.157108784,4.841310501,-2.402261019
1572,-3.341031313,-5.345229626,-1.850754261
1573,9.048550606,-1.263311386,3.782091141
1574,1.038512349,4.269335747,-1.262641668
1575,-2.454732656,1.499081135,1.305755258
1576,0.001635307,-0.160673946,-5.259974003
1577,-4.935249805,-2.548742771,-2.898525
1578,-2.852186441,-2.19251585,1.925973058
1579,3.80827117,-6.148777962,2.763039827
1580,-3.746860743,-7.161910534,2.981419325
1581,-0.044583816,-3.74545002,-2.460025072
1582,-7.549573898,1.953996539,-2.760024071
1583,-2.041285038,3.822676182,-5.05461359
1584,1.508845687,-2.814852953,4.852270603
1585,5.107411385,-3.11881566,-0.221598804
1586,-5.156641483,-0.926260591,-6.522443295
1587,1.569265604,3.104456425,5.198953629
1588,-3.91642642,5.277384758,-3.191269636
1589,-4.226240635,-2.263346434,-4.667955875
1590,-2.222388268,-1.151540518,-2.132812023
1591,-5.420787334,0.966100156,-6.824503422
1592,-4.074939251,1.22340095,-2.96188283
1593,-3.091639519,6.710652828,-1.371462464
1594,-4.787902355,-5.937674046,0.571492255
1595,-1.143198371,0.957275033,-5.388811588
1596,-2.53542757,1.524852037,-5.206028938
1597,-3.237982273,6.325115681,0.272086769
1598,-5.059600353,-1.168045402,-7.544249535
1599,-1.793968201,-8.349468231,4.238067627
1600,-2.639883041,-5.245414257,-0.783820391
1601,-2.159910202,7.577259064,0.289495051
1602,-1.337490439,-6.426258087,-4.343037128
1603,-7.291694164,-1.632292151,-1.875646114
1604,3.920894384,-1.876609683,-0.506834447
1605,-3.937908649,2.470814705,-4.80835247
1606,-1.272863507,1.764739871,-6.662887096
1607,-4.914842129,-4.500589848,-3.792664289
1608,1.358770251,-5.308135509,2.509828091
1609,-5.120987892,-2.008309126,-3.199671268
1610,-3.399723291,6.367687225,-1.813316226
1611,-6.220797539,2.86304903,-3.83773613
1612,2.31538105,-3.635758877,-1.795124054
1613,2.836693048,-2.04687047,5.047226429
1614,0.221570566,-3.602838993,4.435421467
1615,1.241475821,-7.31763649,3.233735323
1616,3.81414032,5.887170792,1.650817871
1617,3.000591516,0.288680375,2.963196993
1618,3.153609276,4.230749607,5.157333851
1619,6.399861336,-3.249119043,3.97855258
1620,-1.768713593,-5.04456377,-4.880878925
1621,2.119003773,-0.813199878,0.806576848
1622,-2.39230442,7.246436596,0.473900199
1623,-1.010623932,-1.386911035,-0.299838781
1624,0.627989531,-2.133012056,4.858206272
1625,5.886352539,-0.374321193,2.324194193
1626,-4.297839642,-5.011089802,-5.760028362
1627,-1.052493691,-9.682391167,-1.466244221
1628,5.202740669,-1.175121188,7.750157356
1629,-3.641192913,-1.648418069,0.356033742
1630,-3.338777781,-6.104655266,3.002846718
1631,-2.462016106,-2.244242907,-2.628728867
1632,3.485648394,5.297102928,3.779234648
1633,-2.705046415,1.518895268,-6.112478733
1634,7.481496811,1.105432034,0.519190431
1635,3.911073446,0.870966077,-1.166919827
1636,6.999423981,-4.077261925,1.786973238
1637,-5.60185957,-4.791188717,-2.623543262
1638,4.706615448,-6.222074509,2.466533661
1639,-2.224847555,-9.565114975,3.162978411
1640,-3.674381971,-7.949726105,2.732433319
1641,-4.902880192,-5.784323692,1.350464463
1642,-3.88837409,3.064673662,-0.963165998
1643,5.367696762,-5.02069664,2.011459351
1644,8.778615952,-0.812525213,2.703029633
1645,2.69372201,-6.634439945,2.642508984
1646,-1.136600852,-0.876240194,1.919923782
1647,-0.456345707,-3.951343298,-3.199481726
1648,-1.213912249,1.548559308,3.47266078
1649,5.242789745,3.232034922,0.742803037
1650,-5.546410561,-0.211589485,0.195692927
1651,-1.8988837,0.933496594,-4.393341541
1652,2.638708115,-2.464666128,-1.422230721
1653,-5.604422569,-3.65861249,-5.892067909
1654,2.901082277,-0.675915778,0.982412755
1655,-0.207199648,-7.712851524,2.071587086
1656,5.116622925,4.273114204,1.215641022
1657,5.159996986,-0.991744041,-1.356634259
1658,0.287045687,-7.352978706,4.595388412
1659,5.273186684,0.139220029,3.248078585
1660,-0.683770657,8.867090225,0.867144763
1661,-0.871840179,7.076458454,2.070815325
1662,3.533290386,1.659371376,5.626578331
1663,5.45521307,-3.696293592,0.033441179
1664,-6.271213531,-4.265115261,-1.477391362
1665,-1.440886855,1.340968132,3.488420486
1666,0.256648034,0.073269181,4.936625481
1667,-6.353271484,-4.206987381,-1.638955712
1668,0.674417019,-0.473381966,5.077920437
1669,-7.229189873,1.868623734,-2.53512454
1670,-5.019528389,-4.633451462,-6.346464634
1671,0.460429728,6.55181694,-4.785759449
1672,7.117411137,-0.489018261,6.095394611
1673,-5.138547897,-1.424508929,0.011192482
1674,0.488949299,-7.806957245,4.152593613
1675,-0.614228606,4.153321266,1.404082537
1676,3.529668808,3.169186115,5.00452137
1677,3.180644274,-4.363530159,-2.349300385
1678,4.418334484,1.575868845,6.087492943
1679,0.687191606,5.718848705,-0.216935039
1680,4.01590538,3.677276373,1.778737426
1681,-6.440991879,3.785134315,-1.746118307
1682,3.437810898,-4.914732456,0.060703579
1683,0.916366875,-7.567622662,-2.140086651
1684,5.367503166,-6.412316322,0.479260027
1685,3.544201136,0.23159723,3.067352057
1686,6.624555111,0.293774635,0.06320063
1687,4.528390884,2.430376053,-1.031287313
1688,1.271239638,7.048592091,2.396362782
1689,-3.086046219,5.069442272,0.517555237
1690,-0.945351005,-1.768147469,-0.205127791
1691,3.474373579,2.609811544,5.052447319
1692,0.947464108,0.072179936,-0.639421403
1693,5.333700657,3.090820313,4.976863861
1694,0.609218895,-5.376686096,5.586870193
1695,-6.977009773,1.903931856,-1.452064633
1696,3.933605671,7.222673893,-2.781744719
1697,-3.51209259,0.954788446,-4.660363674
1698,-2.342131138,-2.343861103,-2.687532425
1699,-2.390061378,-8.288926125,-1.422655463
1700,0.436281323,7.40607357,0.384464622
1701,2.212680578,3.940332174,-3.783036947
1702,7.391525745,1.48140645,3.822508812
1703,-5.579257965,0.869594276,-0.837776065
1704,-8.916007996,0.201044425,-3.089503288
1705,1.434894562,8.496013641,-2.483891726
1706,-2.745313644,-1.352244496,-1.189092755
1707,-3.377756119,-6.964096546,-3.371459484
1708,0.990312994,7.159508228,2.514434576
1709,0.806760252,0.965469778,4.629220009
1710,4.676838875,-1.53978157,6.029257298
1711,-5.392666817,-0.328696638,-1.634155989
1712,7.813045502,0.443493664,1.573444247
1713,3.679055691,7.302749157,-2.462766409
1714,5.186553001,4.226732731,-1.555468082
1715,-1.094102025,-8.28665638,3.98404026
1716,-7.763411522,-1.593411088,-4.549907684
1717,-8.06467247,-0.257404357,-5.260836124
1718,-2.635106325,-1.536774516,-0.4168908
1719,-3.817907572,-6.801908493,2.138067484
1720,-3.508900166,2.971853495,-5.13042593
1721,2.791923761,6.296531677,-4.043513775
1722,-5.489383698,-0.812816381,-6.625321865
1723,-4.108919621,3.527268171,0.88684839
1724,-6.173011303,-4.222844601,-2.382021904
1725,3.271002769,1.928196192,3.029222727
1726,0.604176819,0.209460944,-3.025771141
1727,0.39289546,-3.415100574,4.463684559
1728,-2.427010059,1.565056443,0.57084775
1729,-1.465430498,-6.015731335,-3.799351215
1730,-4.976400375,-4.485313416,-3.643579483
1731,6.925559521,3.049890757,1.189576387
1732,0.845960438,7.05658865,2.312109232
1733,0.065100506,0.280915052,1.055526614
1734,-0.673104227,8.685235023,0.69218874
1735,8.853053093,-0.361589819,2.872781038
1736,1.472097397,-5.111899376,1.040468931
1737,-0.56084466,8.268068314,0.140948147
1738,-5.919225216,-4.868345261,-1.957150102
1739,-3.925566196,-1.69145453,-7.199569225
1740,-3.49394846,2.028970718,0.14747037
1741,0.677545667,3.513116837,-3.533054352
1742,-1.20746994,2.902506828,-2.789427757
1743,-3.867556095,2.24838233,1.096968174
1744,-1.655466557,-9.15387249,2.355181456
1745,4.375887871,5.287443161,-2.31445694
1746,-3.973156691,2.630767107,-6.308216095
1747,6.633756161,-2.742284536,2.681350946
1748,-3.542525053,-5.825772285,-2.364126444
1749,-1.818051338,3.931634903,-5.48481369
1750,-4.473067284,-4.540433884,-6.268219471
1751,4.788441658,-6.722786903,2.171550989
1752,1.212531805,-3.944752932,1.15674746
1753,8.680090904,-1.981288791,3.2085464
1754,0.378907055,6.542394638,-4.560638428
1755,-0.86774534,-1.953255773,3.138554096
1756,-0.459964812,-3.447165012,4.509939194
1757,3.088983536,7.4306674,-3.292684078
1758,4.963797569,-6.782000542,1.263008833
1759,-3.213545322,2.247361898,0.450420141
1760,-0.829867423,2.974293947,-4.910120487
1761,3.319185972,5.730016232,2.814165831
1762,-2.552534103,-3.93661046,1.066527963
1763,2.372228622,8.911389351,-1.92576468
1764,2.419455528,-3.344227791,4.408998489
1765,3.368453979,2.084325314,4.804386616
1766,1.755289078,2.965484619,5.268736362
1767,7.089635849,0.019702403,6.241713047
1768,8.898882866,-0.54310137,2.990036726
1769,-2.680666685,-8.120933533,-1.60090518
1770,-1.965277195,1.360135794,-5.334615231
1771,-0.773373425,-2.448982716,-3.452718973
1772,2.523916721,7.569127083,-0.813094378
1773,-4.034786701,6.104964733,-1.553061843
1774,1.931724191,-6.231211185,4.341228962
1775,4.861525059,-2.234298706,7.368729591
1776,-6.482727528,1.479343176,-1.793665886
1777,-6.275238514,-4.240074158,-1.859472156
1778,5.395070076,0.161944836,7.906611919
1779,2.223618984,1.633199453,4.542520523
1780,-1.484154582,-1.013699055,-1.743291378
1781,0.320518255,4.580081463,-5.191604137
1782,0.059835773,-1.368438482,4.258749962
1783,0.864885807,-8.925785065,-1.820942998
1784,4.3935256,4.770616531,-2.317785978
1785,8.853427887,-0.204749554,3.0857687
1786,0.852576911,6.594543934,-4.5260849
1787,1.884124875,-2.722164631,4.138995647
1788,1.220923543,7.010234833,2.429894686
1789,3.945779324,-5.202153206,3.25474453
1790,-2.800336361,1.382381082,1.629999399
1791,4.954179287,-0.123012573,3.902777195
1792,8.834647179,0.093584739,3.025497437
1793,8.920619965,-0.385491103,3.084643364
1794,3.524137735,4.774291515,4.410869598
1795,3.278753757,2.390152454,2.923739672
1796,-2.666465759,0.328709602,-7.488913536
1797,1.523562193,-0.228696942,5.677548885
1798,0.392001182,-0.243989348,-2.341596842
1799,-1.631718874,1.897377014,-4.510077477
1800,3.115602255,1.944128275,3.946920633
1801,-3.66029191,3.032013178,-5.607480526
1802,-1.302860856,4.064449787,-0.230859011
1803,-2.52998805,-5.676417351,-3.787534714
1804,-0.21637851,6.713117123,-2.990793705
1805,-3.416960478,6.417438507,-1.040357351
1806,4.089394093,0.739001989,-1.325629592
1807,9.028518677,-1.250215173,3.873691559
1808,5.528090954,4.021306038,-1.127737045
1809,-2.124947548,-9.623384476,3.0758183
1810,6.462640285,0.992053568,6.096754074
1811,2.179686785,-1.679897308,-2.7056427
1812,5.400097847,-5.239780426,1.97812283
1813,4.905204296,2.301035643,6.436658859
1814,7.401174545,-2.891709566,2.206343412
1815,-3.442614794,0.303295523,-6.262199402
1816,3.427800655,-7.706631184,1.959786057
1817,0.149409488,-3.761075497,3.197648048
1818,-5.799546242,-2.382264853,-6.128973007
1819,5.187085629,-4.92431879,2.424432516
1820,-0.935980499,3.166070223,-2.903321505
1821,3.098110437,7.699149609,-1.745945573
1822,-2.310685158,7.805836678,0.063496113
1823,7.128993988,-0.033743825,2.187303305
1824,-5.290587902,-3.414018154,-4.019094944
1825,-4.421944141,-5.409497261,1.319705606
1826,-5.400290966,-2.623826265,-5.821090221
1827,-3.79925704,6.85796833,-0.31531021
1828,-1.171459794,-1.879723549,-3.954774618
1829,-0.64775902,-0.540849209,-1.957877517
1830,-1.368495226,-0.802162647,3.536480427
1831,7.1704669,0.351445466,4.346242428
1832,-2.094869375,-6.388915062,3.489700079
1833,-4.28567028,1.887877345,0.982730627
1834,-1.572901487,2.113005638,0.775069952
1835,-5.072480202,-0.1259913,-0.984903038
1836,5.22645092,-0.905487955,1.624883771
1837,-0.600393057,-9.688055038,-1.723882198
1838,-6.12096262,2.774171114,-4.085686684
1839,0.722773314,-0.590243876,5.121350288
1840,-5.797934532,-3.421271324,0.568152547
1841,-7.879351139,-1.245805621,-3.910615444
1842,-8.2094841,0.924612522,-3.136463642
1843,-5.96488905,1.21634388,-1.427696705
1844,-6.189374924,-4.285002708,-4.163527489
1845,-1.367561817,4.994663239,-3.234167576
1846,-1.106224656,-5.176910877,-4.259910583
1847,-3.855324745,-4.741344452,1.414850593
1848,4.90745163,-6.81432724,2.271823168
1849,4.050072193,-1.465678692,1.216868997
1850,-3.82973671,2.140646458,1.109115958
1851,8.342870712,-2.412815809,3.279925108
1852,-2.137811184,-1.998833299,-2.976828337
1853,-0.16958046,-4.504630089,-1.928842187
1854,-8.200676918,-1.368875623,-2.44127965
1855,-1.124481678,1.970026612,-5.590451717
1856,-2.407441616,1.881340265,-4.230893612
1857,-5.332968235,-1.912098169,0.171215028
1858,-1.287776351,6.669555187,2.072522163
1859,2.50482583,2.750589848,3.267799377
1860,-3.261229038,3.071674347,-5.405311584
1861,-4.284381866,-4.136440277,1.534999371
1862,3.103275776,7.019826889,-3.610343933
1863,-3.670989513,-4.750819206,-5.916872978
1864,-0.89035356,-9.778058052,-1.460591674
1865,3.262578249,-0.7373752,3.848104715
1866,3.797447681,3.873658657,5.008798122
1867,-6.462056637,3.577702522,-1.97682178
1868,-3.84181881,0.592863441,1.085974336
1869,3.617031574,-2.179836035,0.306194723
1870,-1.749993443,-5.39537096,-4.515990257
1871,-4.866560936,-0.851599872,-6.479804516
1872,-1.66642344,-7.701465607,-3.45155406
1873,2.278327942,6.424650669,0.288360059
1874,-0.284999311,-10.24850655,-0.418491244
1875,-0.718764126,-3.616221666,-2.059234619
1876,2.349747181,7.633098602,-3.904325008
1877,3.351629019,-2.239821434,-0.284727603
1878,-0.861622036,2.304042339,1.149578571
1879,-6.966195107,-1.436479807,-1.473614812
1880,-4.640784264,3.454992056,-3.862658739
1881,0.039706662,-3.85628438,-3.229054928
1882,-1.952375293,6.444434643,1.037659526
1883,-0.723188162,5.864078522,-0.381548733
1884,-5.132166862,-3.309262037,-4.630064964
1885,3.287971973,3.349980116,-3.064800978
1886,-2.074962616,-2.567973852,2.739526033
1887,-7.277657509,2.797136784,-2.158326864
1888,8.474180222,0.527238488,2.33831048
1889,-7.693591595,1.496163249,-2.719571352
1890,5.524161339,-3.735272646,4.112642288
1891,-0.184316725,-10.28628922,0.800132692
1892,0.253924429,3.230942726,-3.323989868
1893,-0.619577348,2.157296658,-5.447611809
1894,-1.170954943,-3.508971691,-2.166227818
1895,-7.827032566,0.620211363,-4.727802277
1896,-1.729311228,-7.020244598,3.213899612
1897,3.22308445,6.380691528,0.621579111
1898,-3.849202871,-0.077172041,-7.667927742
1899,-5.616608143,-2.787344456,-5.890164375
1900,1.661180615,-4.973420143,2.344401836
1901,5.734626293,0.530538023,2.250224113
1902,-1.997833133,0.889974058,-5.175473213
1903,0.94698602,-6.275578499,0.995742798
1904,7.91622591,1.026599526,3.390453815
1905,2.354650259,-2.30234623,-3.046425581
1906,4.217806816,-6.310515881,2.988036871
1907,2.253787041,-8.93042469,0.40846625
1908,5.362994194,1.95826292,6.351444721
1909,-0.12187364,4.595125198,2.725080729
1910,4.323357105,-1.934311152,-1.088540554
1911,0.447698236,2.220588923,-2.629453421
1912,-2.003115654,-4.24162674,-4.19255352
1913,1.609252214,8.356889725,-2.377766132
1914,3.576730728,-3.856709003,4.551642418
1915,-0.17214857,5.365512371,2.954840899
1916,1.151455045,4.01820612,-1.049675107
1917,-7.972541332,-1.104184747,-5.355863571
1918,-4.259946823,2.628240824,-2.099177599
1919,-1.34914124,-2.249093533,2.307082653
1920,-4.982620716,2.320030689,-4.121508598
1921,-4.101002216,1.078864932,-5.728124142
1922,8.77484417,-0.095043235,2.468887806
1923,-4.580958366,3.40512085,-2.149638891
1924,-8.185919762,1.068646312,-2.93094635
1925,8.027680397,-2.798775434,2.954408884
1926,-0.722500443,-5.504714489,4.546652317
1927,7.818315983,-1.190480828,5.38195467
1928,-6.062217712,-3.009222746,-2.423485994
1929,0.314802706,6.897591114,2.55178833
1930,7.634058475,-3.342860222,2.188857555
1931,3.730892181,-5.930760384,-0.087706126
1932,-6.352854729,0.537417948,-5.811081886
1933,-1.137737274,5.660410881,-3.068681717
1934,0.940798223,-0.232700065,-0.192305595
1935,-0.48292011,0.615635693,-5.873803139
1936,3.286864758,-6.826725006,-0.929501891
1937,-3.39953661,1.338958383,-7.344932079
1938,-2.996871948,0.74036628,-7.600158691
1939,-4.721153736,-5.401546001,0.939671516
1940,-0.390859932,7.730651855,0.530008674
1941,1.067495346,3.912290335,-3.298052549
1942,3.383345842,6.753112793,0.127553418
1943,-7.487987518,2.274191856,-2.877378702
1944,-3.206806421,5.718059063,-3.013175488
1945,0.292868078,-3.999045849,-2.60545826
1946,1.129173636,2.966433048,-0.64736408
1947,6.586670399,0.053726532,6.851688385
1948,-0.151710153,-9.547147751,-1.736582756
1949,2.301759005,-3.109940052,0.603921592
1950,1.412812471,-2.503245115,0.075213231
1951,-3.774713516,2.285682917,-4.17346859
1952,3.618076801,6.056076527,1.663228035
1953,5.076743126,3.854396105,1.24070859
1954,0.929180503,7.037566185,-5.256779671
1955,1.076808453,-0.326813042,-0.269048661
1956,-1.045695066,-1.054690838,1.091831088
1957,-4.901998997,1.331268311,-3.135643005
1958,1.287429333,3.739744902,-1.649648905
1959,6.400084496,-0.432809442,-0.424015611
1960,2.3204391,3.043069124,3.274926186
1961,-3.969271898,-6.730789661,2.015534878
1962,3.865702629,3.406466961,1.891815782
1963,3.292639017,6.319919109,0.744677007
1964,3.963490963,-1.927706838,1.118239641
1965,-0.801382184,5.6338377,2.87579298
1966,6.543765068,0.811238468,0.022211494
1967,-0.138159171,-3.974233627,-4.016534328
1968,5.817763329,-0.254971683,8.41582489
1969,2.811084986,1.794119596,4.908634186
1970,-3.780987978,-3.923484802,-6.326622963
1971,-8.497434616,0.916659534,-3.345229864
1972,3.778568745,1.281368971,6.255011559
1973,-0.93390578,-9.830943108,-1.405437708
1974,-4.089738369,0.637559235,0.902132392
1975,4.827015877,3.910924911,-1.943866849
1976,-1.46699059,-6.521722317,-4.140772343
1977,2.023005962,0.753053129,-3.083366632
1978,4.604136467,-6.013537407,2.776020527
1979,1.316450834,3.967970371,-3.332525253
1980,-4.711266518,-6.462795258,1.705779552
1981,-0.468163729,4.508143902,-4.929626465
1982,5.509325027,0.856767118,-0.793078661
1983,2.501178503,2.813524723,-3.804375648
1984,-5.525649071,3.214419127,-4.251242638
1985,-4.289075851,3.033209324,0.956225753
1986,-3.729110479,3.668066263,0.901465476
1987,-2.419416189,1.355882883,0.269318283
1988,-0.632779419,4.915637493,-4.146903515
1989,-1.397626281,2.704384565,-4.159264088
1990,-0.502182484,5.703779697,2.96857357
1991,-8.749503136,-0.274365753,-3.061316967
1992,0.583396852,-0.234874755,-4.830307007
1993,5.312393665,-5.648290157,1.551321864
1994,-0.45631057,0.802889526,-5.837862968
1995,0.365860969,6.689858913,-4.609132767
1996,5.135554314,4.145782471,-1.508799076
1997,0.034996178,-1.303968668,-0.917851746
1998,-2.789244175,-8.08843708,-1.670018554
1999,1.704384327,-4.784337044,2.835038424